v_rid,name,addr,lat,lng,dc_score,status,g_place_id,g_name,g_addr,g_maps_url,g_lat,g_lng,name_sim,dist_m,match_score
my0wwIcFrPTD,프렙커피로스터스,부산광역시 기장군 정관읍 곰내길 634,35.3150231,129.1720117,74,not_found,ChIJI0pZ3TiMaDURnx1cAVLQqKg,제이엠커피로스터스 부산본점,부산광역시 기장군 기장읍 대변3길 8,https://maps.google.com/?cid=12153192645087993247&g_mp=Cidnb29nbGUubWFwcy5wbGFjZXMudjEuUGxhY2VzLlNlYXJjaFRleHQQAhgEIAA,35.2228426,129.2316194,0.0,11590.8,-0.4
qQfI6pOHa65S,스프레드,강원도 원주시 원문로 180 삼성철물 윗층,37.3564159,127.9297693,73,not_found,ChIJRS5LaRN1YzURdwIDKjn-7pk,신화철물,대한민국 원주시,https://maps.google.com/?cid=11092082453731541623&g_mp=Cidnb29nbGUubWFwcy5wbGFjZXMudjEuUGxhY2VzLlNlYXJjaFRleHQQAhgEIAA,37.3557498,127.95564960000002,0.0,2288.7,-0.4
MnJmQGWPJSi2,디프피 커피로스터스,부산광역시 북구 의성로128번길 51 1층 디프피커피로스터스,35.2085169,129.0085991,72,not_found,ChIJyZjBN0iVaDUR_jxfYPAXtDg,마비스커피,부산광역시 북구 만덕대로 42,https://maps.google.com/?cid=4085917083108326654&g_mp=Cidnb29nbGUubWFwcy5wbGFjZXMudjEuUGxhY2VzLlNlYXJjaFRleHQQAhgEIAA,35.2110371,129.0096579,0.0,296.3,0.05
Ua5gPwoxUjwv,오퍼스 커피로스터즈,경기도 수원시 팔달구 효원로308번길 58-9 트윈파크 A동 114호,37.2578591,127.0336773,72,not_found,ChIJ1VNGFllDezURptyNKrR36AE,도손도손,경기도 수원시 팔달구 인계동 1122-7 번지 정동 빌딩 1 층 도손 도 손,https://maps.google.com/?cid=137491404326558886&g_mp=Cidnb29nbGUubWFwcy5wbGFjZXMudjEuUGxhY2VzLlNlYXJjaFRleHQQAhgEIAA,37.262563,127.03573800000001,0.0,553.9,0.0
Fd2JU3iNRhcr,ST 535,서울특별시 동작구 상도로30길 40 두산위브트레지움 2차 상가 106호,37.5043736,126.9422357,71,not_found,ChIJ2W1aNwWffDUR-Bnz-SefZIw,상도2차두산위브트레지움아파트,서울특별시 동작구 상도로30길 40,https://maps.google.com/?cid=10116385657026976248&g_mp=Cidnb29nbGUubWFwcy5wbGFjZXMudjEuUGxhY2VzLlNlYXJjaFRleHQQAhgEIAA,37.503744999999995,126.94343970000001,0.0,127.1,0.15
UaxiivFhzbSN,우드사이드,서울특별시 종로구 자하문로 242 1층,37.5957499,126.964113,71,not_found,,,,,,,0,,0
xUrEadjUiqeV,커피볶는집토브,경기도 군포시 산본로 390 대림타운 109호,37.3646925,126.9301931,70,not_found,ChIJ0ehRHQ1nezURhrS60FJwgmk,커피볶는집마실,경기도 군포시 산본동 산본로323번길 26-26,https://maps.google.com/?cid=7602762621946344582&g_mp=Cidnb29nbGUubWFwcy5wbGFjZXMudjEuUGxhY2VzLlNlYXJjaFRleHQQAhgEIAA,37.3595003,126.9306542,0.333,578.8,0.333
wD80r8sb00nv,올니드커피 로스터스,경기도 남양주시 다산중앙로146번길 18 와이파크타워 1층 107호 올니드커피 로스터스,37.6257167,127.1544121,69,not_found,ChIJ5SOlbgC3fDURxrSyPyZBAIo,인크커피 다산점,경기도 남양주시 다산순환로 20 다산 현대프리미어캠퍼스몰 A동 B1F 1F,https://maps.google.com/?cid=9944019609767294150&g_mp=Cidnb29nbGUubWFwcy5wbGFjZXMudjEuUGxhY2VzLlNlYXJjaFRleHQQAhgEIAA,37.613434399999996,127.15153790000001,0.0,1389.0,0.0
TZEMlIu549Cu,HYGGE LAB,경기도 부천시 원미구 평천로 680,37.5134384,126.7648911,68,not_found,ChIJ-18Ps0p9ezURmKHi5wzd2Sk,어여쁘리,경기도 부천시 원미구 중1동 석천로177번길 29,https://maps.google.com/?cid=3015684473000993176&g_mp=Cidnb29nbGUubWFwcy5wbGFjZXMudjEuUGxhY2VzLlNlYXJjaFRleHQQAhgEIAA,37.5032177,126.76136950000001,0.0,1178.2,0.0
8bIKyEWeydaX,브루앤웨이브 로스터리,"서울특별시 금천구 가산디지털1로 189 102호(가산동, (주)LG 가산 디 지털센터)",37.4821605,126.8797007,68,not_found,ChIJi88JEQCffDURAueamU8rRuk,브루인커피,서울특별시 금천구 가산디지털1로 212 코오롱디지털타워애스턴 1층,https://maps.google.com/?cid=16809170280086431490&g_mp=Cidnb29nbGUubWFwcy5wbGFjZXMudjEuUGxhY2VzLlNlYXJjaFRleHQQAhgEIAA,37.484549,126.8803431,0.167,271.6,0.217
2zuyCKL01na1,커피통,서울특별시 강서구 등촌로 3,37.5302619,126.8635896,68,not_found,ChIJUQHugsedfDUR2c84ROxvmk8,민쓰커피,서울특별시 등촌동 662-16 민쓰커피 7동 1층 2호 KR 서울특별시 강서구 화곡로 61길 64,https://maps.google.com/?cid=5736020135957286873&g_mp=Cidnb29nbGUubWFwcy5wbGFjZXMudjEuUGxhY2VzLlNlYXJjaFRleHQQAhgEIAA,37.5579795,126.84893890000001,0.0,3341.8,-0.4
c5e2YlTi2F06,메베코,경기도 부천시 원미구 상일로145번길 14,37.4915674,126.7588701,67,not_found,,,,,,,0,,0
2cXxMQ9NbqYF,스몰띵,"서울특별시 강남구 도산대로46길 16 세븐빌딩 1층, 2층",37.5209924,127.0364128,67,not_found,,,,,,,0,,0
qJ2pmJGTkgSG,썸바실커피,경기도 남양주시 송산로339번길 19 1층,37.672632,127.1322389,67,not_found,ChIJaSQaod65fDUREPh9PUQAjM0,투썸플레이스 별내별가람역점,경기도 남양주시 덕송1로55번길 22 1 2층,https://maps.google.com/?cid=14811213567604160528&g_mp=Cidnb29nbGUubWFwcy5wbGFjZXMudjEuUGxhY2VzLlNlYXJjaFRleHQQAhgEIAA,37.6675761,127.11758769999999,0.0,1406.8,0.0
a8y9jsZqg7aQ,에스토 커피,전라남도 여수시 망마로 30 1층 에스토커피,34.7597462,127.6661849,67,not_found,ChIJeXTheUrebTURkbPOC2N6mck,(주)에스엠로테이트,전라남도 여수시 학동 209-2번지 KR,https://maps.google.com/?cid=14526776638878692241&g_mp=Cidnb29nbGUubWFwcy5wbGFjZXMudjEuUGxhY2VzLlNlYXJjaFRleHQQAhgEIAA,34.7588149,127.6602141,0.125,555.2,0.125
wt2q3r9sBuD3,줄기 커피바,서울특별시 강남구 도산대로30길 11 1층 줄기커피바,37.519144,127.029577,67,not_found,,,,,,,0,,0
vLVPnH7cZINE,목림로스터리,서울특별시 관악구 남현2길 18 1층,37.4758846,126.9763954,66,not_found,,,,,,,0,,0
NqVhOG2e4e2w,오버차지,전북특별자치도 익산시 선화로1길 58-31 다솔빌 1층 오버차지,35.9546459,126.9404443,66,not_found,,,,,,,0,,0
OqhZT1ntb6zK,커브사이드 스탠드 로스터리,서울 강서구 마곡중앙6로 21 1층 120호 curbside stand roastery,37.5610366,126.8297351,66,not_found,ChIJ0wVOI5SdfDUR3E6hrlj65Lg,어나더사이드,서울특별시 강서구 강서로 318,https://maps.google.com/?cid=13323048856462642908&g_mp=Cidnb29nbGUubWFwcy5wbGFjZXMudjEuUGxhY2VzLlNlYXJjaFRleHQQAhgEIAA,37.554127799999996,126.837073,0.2,1004.3,0.2
NiecQakA3X0k,파인드아웃커피,대구광역시 중구 국채보상로150길 7 1층,35.8679103,128.611791,66,not_found,ChIJ-xUEd4DjZTURnwzKnaWhT0U,인아웃 대구점,대구광역시 중구 국채보상로150길 76-12 2층,https://maps.google.com/?cid=4994388244466109599&g_mp=Cidnb29nbGUubWFwcy5wbGFjZXMudjEuUGxhY2VzLlNlYXJjaFRleHQQAhgEIAA,35.865367899999995,128.6100244,0.125,324.4,0.175
A7VfWqSxBBQZ,거룩바,부산광역시 해운대구 좌동순환로 436 2층 가운데,35.1618598,129.1731102,65,not_found,ChIJAyG2fACNaDUReX5L3jyRkPs,자연도소금빵&자연도해,부산광역시 해운대구 달맞이길62번길 12-1,https://maps.google.com/?cid=18127148190779801209&g_mp=Cidnb29nbGUubWFwcy5wbGFjZXMudjEuUGxhY2VzLlNlYXJjaFRleHQQAhgEIAA,35.1603382,129.1706577,0.0,279.9,0.05
rptEVC0KT6p6,레이크,경기도 김포시 하성면 하성로 660,37.7313463,126.6288375,65,not_found,,,,,,,0,,0
4yTuS36goUuS,로우프레스,경기도 하남시 미사강변한강로 270-1 201동 1층 1-158호,37.5650462,127.1971794,65,not_found,,,,,,,0,,0
YY75qi9CF7it,초록콩커피,경기도 부천시 오정구 오정로 41 1층 101호,37.5259143,126.7648319,65,not_found,ChIJA6H3VNNiezURlwIighZYj-0,베스코,경기도 부천시 원미구 부천로 7 로얄쇼핑 층,https://maps.google.com/?cid=17117997562354336407&g_mp=Cidnb29nbGUubWFwcy5wbGFjZXMudjEuUGxhY2VzLlNlYXJjaFRleHQQAhgEIAA,37.485096,126.7822097,0.0,4790.7,-0.4
j4gP7rm5ovdh,85로스터스,경기도 김포시 김포한강9로12번길 7-20 해솔리아 102호,37.6389198,126.6273089,64,not_found,,,,,,,0,,0
lkxFEI45jtD1,금자,전남 광양시 광양읍 신재로 9 1층,34.9721506,127.5891497,64,not_found,,,,,,,0,,0
3lx6beMM85uz,딜리고,경기도 성남시 분당구 구미로9번길 25 1동 113호,37.3402741,127.1097159,64,not_found,,,,,,,0,,0
3MrtbSKbjjhA,센트 로스터리,울산광역시 북구 당수골6길 22 지상1층,35.6346641,129.3608611,64,not_found,,,,,,,0,,0
3jnKE0uGYP4o,콜프로스터스,부산광역시 강서구 명지국제6로318번길 34 1층,35.103073,128.9264822,64,not_found,ChIJbborUfvDaDURNmqt4tZVA-c,어라우즈 로스터리,부산광역시 강서구 르노삼성대로 630,https://maps.google.com/?cid=16646243029105863222&g_mp=Cidnb29nbGUubWFwcy5wbGFjZXMudjEuUGxhY2VzLlNlYXJjaFRleHQQAhgEIAA,35.103596800000005,128.9300006,0.0,325.3,0.05
CwiHu5N8SJbu,포인트제로,세종특별자치시 도움8로 81 . 1층 B-106호,36.5046913,127.2708516,64,not_found,,,,,,,0,,0
1XJQpi29miAj,버터왈츠,제주특별자치도 서귀포시 중문로 12,33.2527328,126.4235689,63,not_found,ChIJD8jYiL1aDDURbEmTgwBQgAI,베니키아 중문 호텔,"제주특별자치도 서귀포시 특별자치도, 중문동 2115-1 KR",https://maps.google.com/?cid=180231948232509804&g_mp=Cidnb29nbGUubWFwcy5wbGFjZXMudjEuUGxhY2VzLlNlYXJjaFRleHQQAhgEIAA,33.2519406,126.4224554,0.0,135.9,0.15
6ee7OPsycmo2,브라운칩,서울특별시 송파구 새말로 108 AKOM빌딩 1층,37.4826371,127.1261182,63,not_found,,,,,,,0,,0
G3VcGRzAWknG,소소숨,세종특별자치시 산울1로 33 상가 102호,36.5282201,127.2621591,63,not_found,ChIJlRYwECLNejURA742jtseDDc,산울마을5단지 파밀리에더파크아파트,세종특별자치시 산울 2로 40,https://maps.google.com/?cid=3966579300139187715&g_mp=Cidnb29nbGUubWFwcy5wbGFjZXMudjEuUGxhY2VzLlNlYXJjaFRleHQQAhgEIAA,36.530853199999996,127.2608558,0.0,315.1,0.05
GXMyOsY5yEf6,아테네커피랩,경기도 가평군 조종면 현등사길 38 1층,37.8651394,127.3461249,63,not_found,,,,,,,0,,0
7Cl9HKpplQOJ,킨들,서울 성동구 용답19길 2-2 1층,37.5625096,127.0515573,63,not_found,,,,,,,0,,0
7Uf0cXy2fKjt,mvp coffee roasters,강원 원주시 무실본동길 47 1층,37.3366831,127.9330719,62,not_found,,,,,,,0,,0
eFQOu0Rfr709,가자니아,경기도 파주시 경의로 1068 1층 105호,37.7126245,126.7595498,62,not_found,,,,,,,0,,0
0trtBba58L2B,멕커피로스터리,서울특별시 동대문구 외대역동로 19 1층,37.5911401,127.0674438,62,not_found,ChIJP0mTcQC7fDURZZowXqxSuuQ,키부키,서울특별시 동대문구 휘경로17길 13,https://maps.google.com/?cid=16481576686583847525&g_mp=Cidnb29nbGUubWFwcy5wbGFjZXMudjEuUGxhY2VzLlNlYXJjaFRleHQQAhgEIAA,37.5953368,127.06457209999999,0.0,530.8,0.0
og0XjXfMOdNr,언스커피로스터스,경기도 오산시 죽담안로 24-2 1층 101호,37.1620959,127.0509173,62,not_found,ChIJAY_YJ-dHezUR4h4Lcz2xJY8,오산커피로스터스,경기도 오산시 성호대로 38-1 102호,https://maps.google.com/?cid=10314845399043219170&g_mp=Cidnb29nbGUubWFwcy5wbGFjZXMudjEuUGxhY2VzLlNlYXJjaFRleHQQAhgEIAA,37.1491403,127.06521300000001,0.0,1918.4,-0.4
lO3CEnk6hShv,카페 바이준,경기도 용인시 처인구 모현읍 백옥대로 2515 카페바이준,37.3473902,127.250072,62,not_found,ChIJsd7-TI2ZfDURVtNiXHSwMac,갤러리카페 바이아스,서울특별시 마포구 와우산로35길 53 2층,https://maps.google.com/?cid=12047604492005462870&g_mp=Cidnb29nbGUubWFwcy5wbGFjZXMudjEuUGxhY2VzLlNlYXJjaFRleHQQAhgEIAA,37.5563985,126.9278931,0.143,36728.1,-0.257
TRBMdPStNtti,트라네,"경기도 군포시 산본천로 99 디퍼아울렛 타운 104호,108호",37.3632144,126.9324153,62,not_found,,,,,,,0,,0
w3Ya2k6r4J4U,도화선 로스터리,전라남도 순천시 왕지4길 13-9 (좌측) 도화선 로스터리,34.9684268,127.5261977,61,not_found,ChIJuxSVQgANbjURnRPBpOA-_bA,리리커피로스터리,전라남도 순천시 해룡면 향매1길 16-9,https://maps.google.com/?cid=12753418854340826013&g_mp=Cidnb29nbGUubWFwcy5wbGFjZXMudjEuUGxhY2VzLlNlYXJjaFRleHQQAhgEIAA,34.9338644,127.55484720000001,0.0,4646.3,-0.4
TfE8hBOINDyW,마치 st. 118,경기도 남양주시 마치로 118 2층,37.654166,127.2643404,61,not_found,,,,,,,0,,0
GZTmkSZwIOxb,베이스커피로스터스,부산광역시 부산진구 거제천로44번길 25 1층,35.1793372,129.0724154,61,not_found,,,,,,,0,,0
PuXKoVsI4T9E,정스커피,서울특별시 동작구 동작대로11길 24 202호,37.4812756,126.9802934,61,not_found,,,,,,,0,,0
QXZTiEEncdEv,카페넬롱,대전광역시 중구 대종로480번길 16 5층,36.3275375,127.4275674,61,not_found,ChIJUafiSQBPZTURGr8foxwPO-s,에떼르넬 베이커리카페카페,대전광역시 중구 당디로 86-1 1층,https://maps.google.com/?cid=16950158238209261338&g_mp=Cidnb29nbGUubWFwcy5wbGFjZXMudjEuUGxhY2VzLlNlYXJjaFRleHQQAhgEIAA,36.3127358,127.3922377,0.0,3567.6,-0.4
zq7qGcRsbjJL,컨피덴셜,서울특별시 구로구 개봉로2길 61 로뎀하우스 1층,37.487845,126.858912,61,not_found,,,,,,,0,,0
eyFZlSsRxS9y,프로나운 커피 로스터스,대구광역시 수성구 수성로 71 상가 C동 101호,35.8327003,128.608557,61,not_found,ChIJb2cxolrjZTURxvAjpznta3U,파우사커피로스터스,대구광역시 수성구 상화로 58 1층,https://maps.google.com/?cid=8461117156818677958&g_mp=Cidnb29nbGUubWFwcy5wbGFjZXMudjEuUGxhY2VzLlNlYXJjaFRleHQQAhgEIAA,35.834716799999995,128.61348719999998,0.0,497.8,0.05
m9pcy1r76BFp,피터패터로스터스,울산광역시 남구 문수로366번길 4,35.5336564,129.293116,61,not_found,ChIJN16mA2HNZzURmmc82BChLg0,콜프로스터스 본점,울산광역시 남구 돋질로 241,https://maps.google.com/?cid=949873665141139354&g_mp=Cidnb29nbGUubWFwcy5wbGFjZXMudjEuUGxhY2VzLlNlYXJjaFRleHQQAhgEIAA,35.543375999999995,129.3314494,0.0,3633.0,-0.4
Sd2AplXPuDUA,까페가로수길,인천광역시 남동구 호구포로 214 대진메디컬프라자,37.4018858,126.7101266,60,not_found,,,,,,,0,,0
d15NryGd0NdV,노벨레테,경기도 군포시 광정로 119-1 대림상가 108호 노벨레테 카페,37.3633798,126.9260979,60,not_found,,,,,,,0,,0
vIczbibjWlya,앤센스 에스프레소 커피바,경기도 부천시 원미구 상일로149번길 3 1층,37.4911071,126.7589286,60,not_found,ChIJQUujBCxjezUR0LslEia0n7U,앤센스커피바,경기도 부천시 원미구 부천로167번길 17,https://maps.google.com/?cid=13087377117768170448&g_mp=Cidnb29nbGUubWFwcy5wbGFjZXMudjEuUGxhY2VzLlNlYXJjaFRleHQQAhgEIAA,37.4992599,126.78518059999999,0.222,2487.1,-0.178
4zF4cW1erxIQ,카미노,서울특별시 도봉구 도당로 46 1층,37.6620167,127.0349362,60,not_found,,,,,,,0,,0
oBuE2CyFWpwC,프롬워터,경기도 수원시 팔달구 중부대로143번길 71 2층,37.2814837,127.0327536,60,not_found,,,,,,,0,,0
VpAtp4WfE1e6,노넥 noneck coffee,경기도 이천시 마장면 마장로91번길 37 1층 102호,37.2486291,127.3591855,59,not_found,ChIJ4SdmfkurZDURzdHBlwnt7CA,돈카냉면&파스타,경기도 이천시 마장면 중앙로10번길 8,https://maps.google.com/?cid=2372531729173959117&g_mp=Cidnb29nbGUubWFwcy5wbGFjZXMudjEuUGxhY2VzLlNlYXJjaFRleHQQAhgEIAA,37.251933,127.35511659999997,0.0,514.5,0.0
zZ99Au3a3Bz4,델로니어스 커피 로스터스,서울특별시 양천구 목동로19길 33 1층 만고커피,37.5246514,126.8608789,59,not_found,ChIJJ2GttcidfDURl_jI_C4d55Y,로스터리,서울특별시 양천구 신정3동 1191-12,https://maps.google.com/?cid=10873691912956082327&g_mp=Cidnb29nbGUubWFwcy5wbGFjZXMudjEuUGxhY2VzLlNlYXJjaFRleHQQAhgEIAA,37.5209112,126.8517286,0.0,907.8,0.0
l2i7Q5AGvTRF,무시로커피랩,경기도 시흥시 산현마을길 12-2 1층,37.3761161,126.8441019,59,not_found,,,,,,,0,,0
bLAO0P7p3LmY,아헤커피,경기도 시흥시 수인로3312번길 16 T동 T137호,37.4412511,126.7891597,59,not_found,ChIJ_9N2NgBjezURIgmcLetcJWU,하삼동커피 시흥센트럴푸르지오점,경기도 시흥시 수인로3312번길 16,https://maps.google.com/?cid=7288333737121286434&g_mp=Cidnb29nbGUubWFwcy5wbGFjZXMudjEuUGxhY2VzLlNlYXJjaFRleHQQAhgEIAA,37.4413785,126.7903044,0.0,102.0,0.15
bSSh1yCiq1Cd,오피카,서울특별시 구로구 디지털로31길 61 1층 102호,37.4860718,126.8916104,59,not_found,,,,,,,0,,0
vtHDuEbGqjBV,제이클레프,서울특별시 강서구 개화동로27길 55 1층 104호,37.5647208,126.809747,59,not_found,,,,,,,0,,0
KqcAGDctU2ii,토오쿠,대구광역시 남구 계명7길 12-4 1층 토오쿠,35.8527734,128.5774831,59,not_found,,,,,,,0,,0
unC9yuL4XmyF,도노즈로스터리하우스,경기도 파주시 가재울로 100-5 1층,37.7306875,126.7480508,58,not_found,ChIJB4_-MRSMfDURgzaToEdN1No,로드하우스,경기도 파주시 탄현면 법흥리,https://maps.google.com/?cid=15768313165362968195&g_mp=Cidnb29nbGUubWFwcy5wbGFjZXMudjEuUGxhY2VzLlNlYXJjaFRleHQQAhgEIAA,37.7779697,126.7142379,0.286,6039.7,-0.114
hYJiUKJjYUB7,빈플로우,경남 양산시 물금읍 백호2길 101,35.3208826,128.99846,58,not_found,ChIJj56fkKqXaDURS5zbHsvcQEA,액티브플로우,경상남도 양산시 백호로 58 서영프라자 401호,https://maps.google.com/?cid=4629943181891050571&g_mp=Cidnb29nbGUubWFwcy5wbGFjZXMudjEuUGxhY2VzLlNlYXJjaFRleHQQAhgEIAA,35.3187748,129.0012209,0.333,343.0,0.383
eNkiy0NHVAG1,세미커피,경기도 화성시 동탄구 삼성1로5길 5,37.2249129,127.0732691,58,not_found,ChIJixJnaaVFezURzWPY-MfzGLE,텐퍼센트커피 동탄삼성반도체점,경기도 화성시 삼성1로 160,https://maps.google.com/?cid=12761217584353272781&g_mp=Cidnb29nbGUubWFwcy5wbGFjZXMudjEuUGxhY2VzLlNlYXJjaFRleHQQAhgEIAA,37.218403300000006,127.07797430000001,0.0,835.2,0.0
RXPdOSO61aiy,야누스,충청남도 예산군 덕산면 가야산로 196 1.2층,36.7056531,126.6470901,58,not_found,,,,,,,0,,0
k2fXQPR4OpNZ,커피구나,전라북도 전주시 덕진구 추천로 43,35.8433569,127.1012563,58,not_found,ChIJMWeXyMZBcDURtzoVSA_owrM,에이바우트커피 전주하가점,전북특별자치도 전주시 덕진구 덕진동2가 가련산로 27,https://maps.google.com/?cid=12953170630602472119&g_mp=Cidnb29nbGUubWFwcy5wbGFjZXMudjEuUGxhY2VzLlNlYXJjaFRleHQQAhgEIAA,35.842235599999995,127.1114439,0.0,926.7,0.0
Rao5UPqwww3T,콩단비,경기도 양주시 남면 삼일로 483 콩단비,37.8605851,126.9887498,58,not_found,,,,,,,0,,0
aFwCOoC0VQ52,펠어커피초코,서울특별시 강서구 마곡동로 62 1층 106호,37.5605538,126.8338901,58,not_found,ChIJL7t_NACdfDURMwnIpi7WUu4,라코펠라,서울특별시 강서구 마곡동 812 엘지아트센터 2층,https://maps.google.com/?cid=17173023824972089651&g_mp=Cidnb29nbGUubWFwcy5wbGFjZXMudjEuUGxhY2VzLlNlYXJjaFRleHQQAhgEIAA,37.5659063,126.8294344,0.0,713.1,0.0
zYfwftthUR3y,홀리브라운,전라북도 전주시 완산구 전룡로 28 1층,35.8263125,127.1164047,58,not_found,,,,,,,0,,0
bd6nW5vsc5rO,루프커피,경기도 과천시 새술막길 38 1동 1층 107호,37.4289558,126.9915339,57,not_found,ChIJmYCrvDBfezURXpQW4WCd3ZY,비비커피,경기도 과천시 찬우물로 21,https://maps.google.com/?cid=10871018114961019998&g_mp=Cidnb29nbGUubWFwcy5wbGFjZXMudjEuUGxhY2VzLlNlYXJjaFRleHQQAhgEIAA,37.4168018,126.9851738,0.0,1463.5,0.0
m4LKKh4ajUbW,스몰무브먼트,경기도 시흥시 남왕길 48-9 1층,37.3829786,126.8633349,57,not_found,,,,,,,0,,0
Md0h2znvjE03,에스티1201,"경기도 부천시 소사구 성주로 56 1, 2층",37.4799548,126.7626193,57,not_found,ChIJazgvYtR8ezUR6yRu7Zxlmaw,(주)이우에스티,경기도 부천시 소사구 심곡본동 702-7,https://maps.google.com/?cid=12437083570633057515&g_mp=Cidnb29nbGUubWFwcy5wbGFjZXMudjEuUGxhY2VzLlNlYXJjaFRleHQQAhgEIAA,37.4778802,126.77932099999998,0.222,1491.7,0.222
zhQp1oxTeVXc,오로48st,경기도 광주시 청석로 242 2층 오로48,37.4085742,127.2650796,57,not_found,,,,,,,0,,0
JetrfP6JqdbL,카페 로스터스,경기도 안양시 동안구 시민대로 317 대한스마트타워142호,37.3962567,126.9653711,57,not_found,ChIJFVhFrJVjezURIGNpOoYWMTI,막스로스터스,경기도 안양시 동안구 비산동 1058-4 1층,https://maps.google.com/?cid=3616696741516632864&g_mp=Cidnb29nbGUubWFwcy5wbGFjZXMudjEuUGxhY2VzLlNlYXJjaFRleHQQAhgEIAA,37.401666,126.9536309,0.0,1198.9,0.0
OdA1ISV0zSY7,1538너래바우,강원 춘천시 우석로 32 1층,37.8626814,127.7501198,56,not_found,ChIJY-5YTADlYjUR9wyn2BjhmBo,달래해장 춘천애막골점,강원특별자치도 춘천시 특별자치도 석사동 749-2,https://maps.google.com/?cid=1916529138276437239&g_mp=Cidnb29nbGUubWFwcy5wbGFjZXMudjEuUGxhY2VzLlNlYXJjaFRleHQQAhgEIAA,37.8654144,127.7511636,0.0,317.4,0.05
QiIJHFWoma91,머스카페,서울특별시 강동구 양재대로89가길 68 1층 머스카페,37.5236135,127.133734,56,not_found,,,,,,,0,,0
NZNeQMbuNtWD,삼하루,서울특별시 성동구 뚝섬로15길 29-1 . 1층,37.5392088,127.0618212,56,not_found,ChIJJ0AESpWlfDURWhfrfLQy0cE,사운드 프로바이더 성수 Cafe&Bar,서울특별시 성동구 뚝섬로7길 6,https://maps.google.com/?cid=13965999670223902554&g_mp=Cidnb29nbGUubWFwcy5wbGFjZXMudjEuUGxhY2VzLlNlYXJjaFRleHQQAhgEIAA,37.538821999999996,127.05657529999999,0.0,464.5,0.05
zBMKS23EqyUY,플라브,경기도 과천시 중앙로 59 6호,37.4215672,126.9885563,56,not_found,,,,,,,0,,0
o20vg4nNUNtq,하모니어스,충청남도 당진시 수청5길 12-14 진영빌딩 1층,36.8982476,126.6472952,56,not_found,,,,,,,0,,0
QA2J3JESGbd4,화이트비치,서울특별시 성북구 아리랑로4가길 8 1층,37.5951725,127.0170123,56,not_found,,,,,,,0,,0
NSSdXTA9DkK2,네이비무드,서울특별시 강서구 공항대로 164 101호,37.5594383,126.8258067,55,not_found,ChIJgSV5RgadfDURkjrDNHSzHfY,무드무드,서울특별시 KR 서울특별시 강서구 마곡동로4길 15 2층 201호 MOOD²,https://maps.google.com/?cid=17734528219337669266&g_mp=Cidnb29nbGUubWFwcy5wbGFjZXMudjEuUGxhY2VzLlNlYXJjaFRleHQQAhgEIAA,37.5598317,126.8352511,0.2,833.6,0.2
vmuOHwLoogWg,리인,서울특별시 양천구 신목로6길 36-3 1층,37.3993587,126.6368958,55,not_found,,,,,,,0,,0
l0VpheT9HKoW,의전방,서울 종로구 수송동 51-2,37.5721506,126.982269,55,not_found,,,,,,,0,,0
ts5PAHQme9N9,카페 in,세종특별자치시 조치원읍 행복길 4 카페IN,36.6030706,127.2901901,55,not_found,ChIJY29zd4bTejURiCP2bvt93-0,카페디펜스,세종특별자치시 조치원읍 문화길 35-4,https://maps.google.com/?cid=17140557225647285128&g_mp=Cidnb29nbGUubWFwcy5wbGFjZXMudjEuUGxhY2VzLlNlYXJjaFRleHQQAhgEIAA,36.6027474,127.2890964,0.0,104.0,0.15
WQ5bGZX7F0Ze,가배시광,충청북도 청주시 청원구 내수읍 은곡묵방길 43-11,36.7090963,127.5233674,54,not_found,ChIJrw8RHADZZDURbAfRv1Bp_Ug,킹콩백화점 청주점,충청북도 청주시 청원구 내수읍 은곡리 225-3,https://maps.google.com/?cid=5259475735375054700&g_mp=Cidnb29nbGUubWFwcy5wbGFjZXMudjEuUGxhY2VzLlNlYXJjaFRleHQQAhgEIAA,36.7088173,127.52818950000001,0.0,431.0,0.05
9FxVoVRzlZGc,스탠다드 오브 스터프,경기도 수원시 권선구 산업로156번길 201 107호108호,37.241795,126.9872653,54,not_found,ChIJJ5rJdGBDezUR3ynGn77NS7g,Standard Of Stuff,경기도 수원시 팔달구 신풍로 38-3,https://maps.google.com/?cid=13279934144840083935&g_mp=Cidnb29nbGUubWFwcy5wbGFjZXMudjEuUGxhY2VzLlNlYXJjaFRleHQQAhgEIAA,37.2844686,127.0145754,0.0,5325.1,-0.4
bjiSRIEW5TgA,커피동동,인천광역시 서구 염곡로464번길 23 112호,37.5262886,126.6721489,54,not_found,,,,,,,0,,0
9RBu4ZllBtBg,에이쓰리바우트 커피,서울특별시 강남구 강남대로154길 19,37.5179201,127.0207629,53,not_found,ChIJ7f0qZI2jfDURQiSWBuc2ljg,카페에이트,서울특별시 강남구 신사동,https://maps.google.com/?cid=4077506878506411074&g_mp=Cidnb29nbGUubWFwcy5wbGFjZXMudjEuUGxhY2VzLlNlYXJjaFRleHQQAhgEIAA,37.5213381,127.02979289999999,0.143,882.4,0.143
nwpmvYjcFu9Y,세러데이커피,대전 유성구 대학로 195-1 1층 좌측호,36.3611233,127.3549612,52,not_found,,,,,,,0,,0
V0CyTrY2PHPL,인디비주얼,전라북도 전주시 완산구 한지길 9-4 1층,35.8196781,127.1533896,52,not_found,ChIJBeCtXWEjcDURh7CRoxB8Euo,전주난장,전북특별자치도 전주시 완산구 동문길 33-20,https://maps.google.com/?cid=16866679965361483911&g_mp=Cidnb29nbGUubWFwcy5wbGFjZXMudjEuUGxhY2VzLlNlYXJjaFRleHQQAhgEIAA,35.8185161,127.15256900000001,0.0,148.9,0.15
sLMf70udk9x9,R&Bean Coffee,충청북도 청주시 청원구 율량로189번길 35,36.6655979,127.5011147,51,not_found,ChIJz5K5q3PZZDURKXNqgnUGaq0,퀴드커피 청주율량점,충청북도 청주시 청원구 주성동 362,https://maps.google.com/?cid=12495807217861817129&g_mp=Cidnb29nbGUubWFwcy5wbGFjZXMudjEuUGxhY2VzLlNlYXJjaFRleHQQAhgEIAA,36.671044900000005,127.4975214,0.0,685.2,0.0
kL2azPeSydKJ,기호,"서울특별시 마포구 삼개로 28-5 1층, 2층",37.5378548,126.9469985,51,not_found,,,,,,,0,,0
j4N4cilPaRB2,나훔,전라북도 군산시 미장6길 7 1층,35.9603222,126.7284999,51,not_found,ChIJU2UKboZbcDURdlKVsGpv95g,군산떡갈비,전북특별자치도 군산시 미장동,https://maps.google.com/?cid=11022401117032370806&g_mp=Cidnb29nbGUubWFwcy5wbGFjZXMudjEuUGxhY2VzLlNlYXJjaFRleHQQAhgEIAA,35.9619164,126.7297562,0.0,210.3,0.05
otzIdpOEvbt5,블랙스퀘어엠,"경기도 화성시 동탄구 동탄순환대로 823 에이팩시티 123,124호 BLACK SQUARE M",37.2084109,127.0982723,51,not_found,,,,,,,0,,0
usdaLUAoyvAV,애즈애즈 커피,서울특별시 강남구 양재대로35길 5 네세서리 커피,37.4900269,127.0834374,51,not_found,ChIJWU0aeACjfDURTAF9mGZ7kys,에이에스커피 압구정점,서울특별시 강남구 논현로175길 7,https://maps.google.com/?cid=3139989045782577484&g_mp=Cidnb29nbGUubWFwcy5wbGFjZXMudjEuUGxhY2VzLlNlYXJjaFRleHQQAhgEIAA,37.5261871,127.0279561,0.0,6333.8,-0.4
9ZVPWFHWr67N,카페 313,충청남도 아산시 용화로 6-20,36.7714966,127.0109819,51,not_found,ChIJnxowN13fejURoSB4uHIkHTI,디저트39 아산용화점,충청남도 아산시 용화동 용화고길 93 KR,https://maps.google.com/?cid=3611082551360757921&g_mp=Cidnb29nbGUubWFwcy5wbGFjZXMudjEuUGxhY2VzLlNlYXJjaFRleHQQAhgEIAA,36.7735749,127.0122126,0.0,255.8,0.05
wjcHvlLGnAPD,카페 로스터리 티파니,강원도 태백시 서학로 1088 1층,37.1541349,128.9837593,51,not_found,,,,,,,0,,0
INUgGJGiKrcr,마추피추,인천광역시 연수구 원인재로 180 우성아파트,37.4129399,126.6841875,50,not_found,ChIJ7VL3LuV5ezURwZ7L-Kmvywc,연수우성2차아파트,대한민국 인천광역시,https://maps.google.com/?cid=561735723096186561&g_mp=Cidnb29nbGUubWFwcy5wbGFjZXMudjEuUGxhY2VzLlNlYXJjaFRleHQQAhgEIAA,37.412602,126.68592319999999,0.0,157.8,0.15
J8fLySITyBrB,뭉게,서울특별시 송파구 송파대로36길 7-42 1층 101호,37.5007022,127.1126885,50,not_found,,,,,,,0,,0
O6jFWEHsIWtr,바하,대전광역시 서구 계룡로553번안길 51,36.3461886,127.3880833,50,not_found,ChIJg4F1wl5JZTURTRwE3k_QWhM,이연정신건강의학과,대전광역시 서구 계룡로553번안길 19,https://maps.google.com/?cid=1394656076070394957&g_mp=Cidnb29nbGUubWFwcy5wbGFjZXMudjEuUGxhY2VzLlNlYXJjaFRleHQQAhgEIAA,36.346084399999995,127.38630130000001,0.0,160.0,0.15
9XSiCDrDkLRP,시동커피,부산광역시 부산진구 동성로112번길 77 1층,35.163404,129.0675485,50,not_found,ChIJgc9zvWXraDURTfyETmcLRMw,서면 카페 넉아웃 빌리지 | Cafe Knockout village,부산광역시 부산진구 동천로 91-4,https://maps.google.com/?cid=14718902020480498765&g_mp=Cidnb29nbGUubWFwcy5wbGFjZXMudjEuUGxhY2VzLlNlYXJjaFRleHQQAhgEIAA,35.157026099999996,129.0619303,0.0,874.0,0.0
PKG1F0wysKRa,어일리,경상북도 경주시 문무대왕면 감은로 191-3 .,35.7788363,129.4447882,50,not_found,,,,,,,0,,0
R9j7KBrKYXRn,케루스 커피 로스터스,대전광역시 서구 둔산중로 40 둔산더리치빌 104호 105호,36.3502013,127.3874883,50,not_found,ChIJiV8RL2tLZTUR2bpFKkUWpn0,루트커피 Route coffee,대전광역시 서구 둔산2동 1051,https://maps.google.com/?cid=9053948587192728281&g_mp=Cidnb29nbGUubWFwcy5wbGFjZXMudjEuUGxhY2VzLlNlYXJjaFRleHQQAhgEIAA,36.3506682,127.37707940000001,0.0,933.6,0.0
UbFPlz1wasQw,노보 (Novo),대전광역시 서구 월평동로 5,36.3554911,127.3687681,49,not_found,ChIJdZSxb-pLZTURuoJdtcLkq5M,족보,대전광역시 서구 월평동 566,https://maps.google.com/?cid=10640850069510521530&g_mp=Cidnb29nbGUubWFwcy5wbGFjZXMudjEuUGxhY2VzLlNlYXJjaFRleHQQAhgEIAA,36.3567501,127.36482609999999,0.0,379.8,0.05
vHLoIao8Hl66,만끽로스트,대전광역시 서구 도솔로483번길 8 101호,36.3424062,127.3974867,49,not_found,,,,,,,0,,0
PAByGYKSU3Es,사사이곤팩토리,충청북도 청주시 청원구 율량로 166-1 101호 래빗홀로스터리카페,36.6677112,127.4990336,49,not_found,ChIJm3Bw7JcnZTURHAMYubOTyJ4,인어빗,충청북도 청주시 청원구 중앙로 123 1층,https://maps.google.com/?cid=11441557253448532764&g_mp=Cidnb29nbGUubWFwcy5wbGFjZXMudjEuUGxhY2VzLlNlYXJjaFRleHQQAhgEIAA,36.6482306,127.48778569999999,0.0,2387.2,-0.4
swVm0XxhUoYH,아베,경기도 여주시 세종대왕면 능서로 710-7,37.3534008,127.5736259,48,not_found,,,,,,,0,,0
lVTqzNBaWHzP,향기드림,경기도 성남시 분당구 돌마로 481 분당우성프라자,37.3778729,127.1331063,46,not_found,,,,,,,0,,0
hVE5tSIRMVoa,아르볼,전라남도 목포시 영산로565번길 9 상가동 108호,34.815953,126.418825,44,not_found,,,,,,,0,,0
qQRQtuoYoYUq,딥오리진,대구 군위군 부계면 한티로 1619 3층,36.0321849,128.6322851,42,not_found,,,,,,,0,,0
yclUXM9Zs9ta,시즌스온,인천광역시 강화군 강화읍 화성길50번길 43 별관 1층,37.7349809,126.4744554,42,not_found,ChIJzRGltFV6fDURCDvOeZSHGbY,호텔 에버리치,인천광역시 강화군 강화읍 화성길50번길 43,https://maps.google.com/?cid=13121668061089118984&g_mp=Cidnb29nbGUubWFwcy5wbGFjZXMudjEuUGxhY2VzLlNlYXJjaFRleHQQAhgEIAA,37.736095,126.47596,0.0,181.3,0.15
6yrdrEV7vQIy,비알커피로스터리,경기도 의정부시 용현로 161 105호,37.7406717,127.0940428,40,not_found,ChIJaXKNzlDGfDURQzn21U5_uDY,카페 바실레이아,경기도 의정부시 송산2동 송현로 89,https://maps.google.com/?cid=3943041450336729411&g_mp=Cidnb29nbGUubWFwcy5wbGFjZXMudjEuUGxhY2VzLlNlYXJjaFRleHQQAhgEIAA,37.7456275,127.08873409999998,0.0,722.2,0.0
yb6rQe3hGeq3,줌커피,서울특별시 마포구 임정로 53 1층,37.5445678,126.9576718,40,not_found,,,,,,,0,,0
7qT9QS21B773,012로스터즈,대전광역시 유성구 원신흥남로 27 지상1층 101호,36.3349603,127.3379269,25,not_found,ChIJ3SYwNYdMZTURYzELnAfUoxw,카페 가비원,대전광역시 유성구 상대동로 12 101호,https://maps.google.com/?cid=2063726183413657955&g_mp=Cidnb29nbGUubWFwcy5wbGFjZXMudjEuUGxhY2VzLlNlYXJjaFRleHQQAhgEIAA,36.343959999999996,127.3387268,0.0,1003.3,0.0
NnQygCz0K864,102커피명작,강원특별자치도 원주시 천매봉길 126-2,37.326093,127.9435484,25,not_found,ChIJkyEeWcJ1YzURAUoHppaWbtA,커피하우스바흐,강원특별자치도 원주시 단구동 앙월길 11-4 KR,https://maps.google.com/?cid=15019107381101939201&g_mp=Cidnb29nbGUubWFwcy5wbGFjZXMudjEuUGxhY2VzLlNlYXJjaFRleHQQAhgEIAA,37.3177212,127.9555129,0.0,1409.2,0.0
T717z04ozz6D,1층커피,경상남도 거제시 장평로1길 62 1층,34.8891264,128.6100902,25,not_found,ChIJ2czEYgDNbjURV87pHrsc_d8,하이오커피 장평덕산점,경상남도 거제시 장평4로 61,https://maps.google.com/?cid=16140088229568826967&g_mp=Cidnb29nbGUubWFwcy5wbGFjZXMudjEuUGxhY2VzLlNlYXJjaFRleHQQAhgEIAA,34.8871009,128.6085263,0.0,266.6,0.05
A6u1cxo0jxV6,24시 카페 만월경,경기도 광명시 오리로942번길 8,37.4787727,126.8588424,25,not_found,ChIJ5yoaVABjezURP2DR2LFS38E,카페만월경 광명점,경기도 광명시 광명동 719,https://maps.google.com/?cid=13969975492926857279&g_mp=Cidnb29nbGUubWFwcy5wbGFjZXMudjEuUGxhY2VzLlNlYXJjaFRleHQQAhgEIAA,37.4701339,126.8545097,0.25,1033.9,0.25
Fk67fsJcvVq7,LIMITED COFFEE,부산광역시 사하구 승학로71번길 107,35.1085114,128.9792205,25,not_found,ChIJbzwLnR7DaDURW8QinK-2cpc,작은길 The way,부산광역시 사하구 낙동대로436번길 23 1층 2호,https://maps.google.com/?cid=10912985712427189339&g_mp=Cidnb29nbGUubWFwcy5wbGFjZXMudjEuUGxhY2VzLlNlYXJjaFRleHQQAhgEIAA,35.105508,128.97196309999998,0.0,739.8,0.0
rXlHTm3uJa1S,PAZ COFFEE,경기도 용인시 기흥구 서그내로53번길 3-31 1층 파즈커피,37.2425326,127.0765994,25,not_found,ChIJGc_MHAxFezURZUN7WOGBMeU,카페서천 (咖啡書川),경기도 용인시 기흥구 서그내로49번길 13,https://maps.google.com/?cid=16515124113396417381&g_mp=Cidnb29nbGUubWFwcy5wbGFjZXMudjEuUGxhY2VzLlNlYXJjaFRleHQQAhgEIAA,37.2430886,127.0750147,0.0,153.3,0.15
Pyp7vm9BvTAp,RUBIOUS NIGHT,경기도 용인시 기흥구 덕영대로 1871 1단지 상가 202호,37.2545974,127.0894137,25,not_found,,,,,,,0,,0
8BMyYYrt6GJc,Three of Cups,서울특별시 서초구 서초대로74길 45 엔데버타워 1층,37.4936182,127.0280293,25,not_found,,,,,,,0,,0
JWOFcrw7L5dJ,beanscloud,충청남도 아산시 배방읍 배방로14번길 77-10 온하우스 1층 beanscloud,36.77315,127.0464815,25,not_found,,,,,,,0,,0
MJo8QIUHpu1k,bvff,서울특별시 서초구 도구로 123-2 1층,37.487687,126.9859015,25,not_found,,,,,,,0,,0
2dUG9MMBxRS3,가배,충청북도 제천시 의림대로31나길 1 1층 가배,37.1477939,128.2112349,25,not_found,ChIJRfddtOCRYzURQeEMIFHE11o,가비,충청북도 제천시 중앙로2가 79-9,https://maps.google.com/?cid=6545916436115415361&g_mp=Cidnb29nbGUubWFwcy5wbGFjZXMudjEuUGxhY2VzLlNlYXJjaFRleHQQAhgEIAA,37.1401839,128.212158,0.0,850.1,0.0
CuCPZhDhg3lp,고산76,전라남도 함평군 교광길 73-1 1층,35.0643805,126.5185725,25,not_found,,,,,,,0,,0
GuA2QyONL8zM,고유,충청북도 제천시 강명길 24-2 4층,37.1179428,128.2036127,25,not_found,,,,,,,0,,0
w69tdYrjDwQn,그라치아,부산광역시 남구 용소로13번길 90 3층,35.1380134,129.1051413,25,not_found,,,,,,,0,,0
oocqvEKzsuNM,그루브 로스팅라운지카페,대전광역시 유성구 은구비로 151 1층 그루브,36.3811269,127.3258455,25,not_found,ChIJj0K8Kl1LZTURZfwjuiMw7ng,그집,대전광역시 유성구 은구비서로23번길 32,https://maps.google.com/?cid=8713955259013397605&g_mp=Cidnb29nbGUubWFwcy5wbGFjZXMudjEuUGxhY2VzLlNlYXJjaFRleHQQAhgEIAA,36.375058599999996,127.31995669999998,0.0,856.3,0.0
RTrR18XD1dtS,김관권커피전문점,경기도 이천시 애련정로 181 102호,37.2861511,127.4520479,25,not_found,ChIJgzZaCaFXYzUR8gI5yofR9LI,우진커피니케이션,경기도 이천시 서희로48번길 3 1층,https://maps.google.com/?cid=12895162014212096754&g_mp=Cidnb29nbGUubWFwcy5wbGFjZXMudjEuUGxhY2VzLlNlYXJjaFRleHQQAhgEIAA,37.2798977,127.4428966,0.0,1067.2,0.0
FJWAWPboSkfN,네오베네,서울 구로구 천왕동 108,37.479035,126.8417333,25,not_found,,,,,,,0,,0
HMWDnonvMmrK,노슬립커피,서울특별시 영등포구 양평로21다길 14 1층 103호,37.5368976,126.8919375,25,not_found,ChIJy7za28aefDURQhPycFR-BL0,노브랜드 영등포양평점,서울특별시 영등포구 양평로 135,https://maps.google.com/?cid=13620150074212488002&g_mp=Cidnb29nbGUubWFwcy5wbGFjZXMudjEuUGxhY2VzLlNlYXJjaFRleHQQAhgEIAA,37.5381734,126.89265850000001,0.0,155.5,0.15
htJP51zQsGsu,노안로336,전라남도 나주시 노안면 노안로 336 카페 노안로336,35.0747754,126.7312035,25,not_found,ChIJPxuRIRkpcjURwJio5Zn4I-c,노안면사무소,전라남도 나주시 노안면 금동리 221-6,https://maps.google.com/?cid=16655429186812942528&g_mp=Cidnb29nbGUubWFwcy5wbGFjZXMudjEuUGxhY2VzLlNlYXJjaFRleHQQAhgEIAA,35.0759144,126.7321979,0.111,155.7,0.261
LUbEKPooHv4l,느호,인천광역시 중구 신포로39번길 23 1층 느호,37.4729272,126.6247378,25,not_found,,,,,,,0,,0
iebuxQBRjiwI,단델리온커피,충청남도 아산시 외암로 1388-1,36.7601039,127.0174086,25,not_found,ChIJObzXMUDcejURjyDdG3KRdNk,카페디엘,아산시 송악면 외암리 469-29번지 A동 1층 아산시 충청남도 KR,https://maps.google.com/?cid=15669308922808574095&g_mp=Cidnb29nbGUubWFwcy5wbGFjZXMudjEuUGxhY2VzLlNlYXJjaFRleHQQAhgEIAA,36.7428295,127.0178837,0.0,1921.3,-0.4
mbhnYilXVhXo,닷,서울특별시 성동구 상원길 81-1 1층,37.5512812,127.0472763,25,not_found,ChIJMxOVU5ikfDUR-z2ucdZYdIc,플디,서울특별시 성동구 상원길 44 2층,https://maps.google.com/?cid=9760523970472197627&g_mp=Cidnb29nbGUubWFwcy5wbGFjZXMudjEuUGxhY2VzLlNlYXJjaFRleHQQAhgEIAA,37.5478873,127.04849829999999,0.0,392.5,0.05
VDsgSbgxFvTY,더로스터리,서울특별시 서대문구 모래내로15길 58,37.5741609,126.9192435,25,not_found,ChIJE0rMXdeZfDUR8Po_UA8dqCE,에스페란자 로스터즈,서울특별시 서대문구 증가로4길 58-15,https://maps.google.com/?cid=2425220350947097328&g_mp=Cidnb29nbGUubWFwcy5wbGFjZXMudjEuUGxhY2VzLlNlYXJjaFRleHQQAhgEIAA,37.5774566,126.92870070000001,0.0,910.4,0.0
x5X9Cme0KpBD,더비젬,세종특별자치시 연서면 당산로 493 1층 101호,36.5741133,127.2903641,25,not_found,,,,,,,0,,0
RcCN482lkWfQ,더원트커피,경상북도 경산시 삼풍로 10 1층,35.8214834,128.7547666,25,not_found,ChIJVVXFWR4MZjURInezEHdPjyw,Conte 꽁뜨,경상북도 경산시 삼풍로 19 1층 506,https://maps.google.com/?cid=3210872432138352418&g_mp=Cidnb29nbGUubWFwcy5wbGFjZXMudjEuUGxhY2VzLlNlYXJjaFRleHQQAhgEIAA,35.822423,128.75501889999998,0.0,106.9,0.15
bqmJb95ajpgK,데메테르커피로스터스,경상북도 경주시 양남면 해변공원길 99,35.6772142,129.4631905,25,not_found,ChIJkd2aZK63ZzURgNkYuX-yf5w,35mm,경상북도 경주시 양남면 하서리 산70-2,https://maps.google.com/?cid=11276928253595015552&g_mp=Cidnb29nbGUubWFwcy5wbGFjZXMudjEuUGxhY2VzLlNlYXJjaFRleHQQAhgEIAA,35.681765999999996,129.4632574,0.0,506.2,0.0
OfbYMFWZqsuN,동진스카이라운지,강원도 속초시 번영로 170,38.213526,128.590025,25,not_found,,,,,,,0,,0
XSptfx7AaLYl,드립앤트립,부산광역시 연제구 연동로13번길 19 1층 드립앤트립,35.1876279,129.0942246,25,not_found,ChIJkWYzOQmTaDURonVT7OiwUuo,리드헬스&PT&필라테스 연산점,부산광역시 내 리드헬스 302~303호 KR 부산광역시 연제구 고분로13번길 25 한창타워 3층,https://maps.google.com/?cid=16884752467409204642&g_mp=Cidnb29nbGUubWFwcy5wbGFjZXMudjEuUGxhY2VzLlNlYXJjaFRleHQQAhgEIAA,35.1871681,129.0844717,0.0,887.8,0.0
W0a3teQzCf7n,떼루아커피,경상남도 창원시 의창구 의안로31번길 15 1층,35.2644056,128.6222501,25,not_found,ChIJH1UwVFszbzURoaDcPRyGFaM,Cafe,경상남도 창원시 의창구 도계동 342-4,https://maps.google.com/?cid=11751446258548252833&g_mp=Cidnb29nbGUubWFwcy5wbGFjZXMudjEuUGxhY2VzLlNlYXJjaFRleHQQAhgEIAA,35.259174,128.6374481,0.0,1497.5,0.0
UGSvwFOtfVsj,라뽈리스로스터스,울산광역시 중구 화진5길 42,35.5551542,129.3053362,25,not_found,ChIJceagXCUzZjUR3n5HpRKFGEQ,러프로스터스,울산광역시 중구 태화동 태화로 263,https://maps.google.com/?cid=4906818109148987102&g_mp=Cidnb29nbGUubWFwcy5wbGFjZXMudjEuUGxhY2VzLlNlYXJjaFRleHQQAhgEIAA,35.5537965,129.3031069,0.0,251.9,0.05
2WbUYgtHY63i,라트로스터스,서울특별시 노원구 중계로14바길 9 102호,37.6500294,127.0829334,25,not_found,,,,,,,0,,0
mPziiYipY981,랑삼,"경상남도 김해시 김해대로2385번길 25 . 1층(부원동, 해강오피스텔)",35.2291607,128.8873062,25,not_found,,,,,,,0,,0
OOCT2CuoQJca,런트커피,부산광역시 부산진구 동평로183번길 88 런트커피,35.1707328,129.0489478,25,not_found,ChIJB_YSeMzraDUR0XnotrHpOI4,히떼로스터리,부산광역시 부산진구 동성로 59 2층,https://maps.google.com/?cid=10248197901568735697&g_mp=Cidnb29nbGUubWFwcy5wbGFjZXMudjEuUGxhY2VzLlNlYXJjaFRleHQQAhgEIAA,35.155767,129.0682232,0.0,2416.5,-0.4
tKsUQJsFgdM4,레프트커피 로스터스,서울특별시 마포구 성암로 223-1 1층,37.5789788,126.8949845,25,not_found,ChIJu96NQM2ZfDURvbmEsfdrWkA,런이트 로스터리 카페 Runit roastery cafe,서울특별시 마포구 매봉산로2안길 12-9,https://maps.google.com/?cid=4637137477910706621&g_mp=Cidnb29nbGUubWFwcy5wbGFjZXMudjEuUGxhY2VzLlNlYXJjaFRleHQQAhgEIAA,37.5780192,126.89420089999999,0.0,127.1,0.15
cZnFPXgo5RGf,렌토,울산광역시 북구 매곡1로 46 1층 110호,35.6447162,129.3512761,25,not_found,,,,,,,0,,0
zS6e3Xc1Q1G9,로머스트 커피,전남 광양시 광양읍 서북3길 28 1층 로머스트 커피,34.9730741,127.5769992,25,not_found,ChIJoe50apINbjURMjOdwHQngIE,구루커피 로스터스,전라남도 광양시 광양읍 칠성리 957-16,https://maps.google.com/?cid=9331501810312885042&g_mp=Cidnb29nbGUubWFwcy5wbGFjZXMudjEuUGxhY2VzLlNlYXJjaFRleHQQAhgEIAA,34.970644199999995,127.57843799999999,0.0,300.3,0.05
nqR1Bb4zqZJG,로스코프 커피 로스터리,경상남도 김해시 흥동로 38 1층,35.2222499,128.852771,25,not_found,ChIJS1TPnWG5aDURABTgR1u_imk,포트커피 로스터스,경상남도 김해시 삼계동 1449-1,https://maps.google.com/?cid=7605101319537300480&g_mp=Cidnb29nbGUubWFwcy5wbGFjZXMudjEuUGxhY2VzLlNlYXJjaFRleHQQAhgEIAA,35.2645975,128.8736787,0.0,5077.2,-0.4
BQ5Kyw4uGjHJ,로스터리 정도,제주특별자치도 제주시 도남로 102-8 1층,33.4914275,126.5275435,25,not_found,ChIJHfeF6yxhDDURe978d4hpJMU,로스터리 묵음,"제주특별자치도 제주시 특별자치도, 한림읍 한림로 214 좌측 상가 1층",https://maps.google.com/?cid=14205595159482916475&g_mp=Cidnb29nbGUubWFwcy5wbGFjZXMudjEuUGxhY2VzLlNlYXJjaFRleHQQAhgEIAA,33.3862569,126.2305784,0.0,29934.1,-0.4
xwMIksdgX9AG,로스터리038,경기도 부천시 원미구 장말로 351 1층 로스터리038,37.4904957,126.7813005,25,not_found,ChIJVVJevUt9ezUR_jBccxsZ-d4,로스팅하우스 울림,경기도 부천시 원미구 중동 옥산로109번길 32,https://maps.google.com/?cid=16066900751311188222&g_mp=Cidnb29nbGUubWFwcy5wbGFjZXMudjEuUGxhY2VzLlNlYXJjaFRleHQQAhgEIAA,37.5035806,126.77850839999999,0.0,1475.7,0.0
G9ckW4lPHAC2,로스터리유,강원 양양군 양양읍 관아길 13-10 1층 상가우측,38.0557085,128.682204,25,not_found,,,,,,,0,,0
r1Brsk6zG3ST,로스터리카페,강원특별자치도 속초시 사당골길 43 금호설악리조트 내 1층 로스터리카페,38.1819929,128.549663,25,not_found,ChIJWW20KUW92F8RrWSTz4gTKhc,메이트힐 로스터리 카페,강원특별자치도 속초시 교동 청대로351번길 18,https://maps.google.com/?cid=1669168090213213357&g_mp=Cidnb29nbGUubWFwcy5wbGFjZXMudjEuUGxhY2VzLlNlYXJjaFRleHQQAhgEIAA,38.1978331,128.5698533,0.0,2493.2,-0.4
8uqawQmKMvGx,로스터리토브카페,대구광역시 중구 동성로3길 99 요셉성형외과 지하 1층,35.8696868,128.5983428,25,not_found,ChIJnyKsbcXjZTUR5NI6MPLxdKE,류 커피 로스터즈,대구광역시 중구 공평동 66-2,https://maps.google.com/?cid=11634189759898374884&g_mp=Cidnb29nbGUubWFwcy5wbGFjZXMudjEuUGxhY2VzLlNlYXJjaFRleHQQAhgEIAA,35.8688088,128.59943619999999,0.0,138.7,0.15
QnfB0XlZrUdJ,로스티코,경상남도 양산시 신북정길 13-16 1층 로스티코,35.3705149,129.0467257,25,not_found,ChIJqykUlsOZaDURM9yiQHLpaOs,레티로,경상남도 양산시 상북면 석계리 788,https://maps.google.com/?cid=16963064673410931763&g_mp=Cidnb29nbGUubWFwcy5wbGFjZXMudjEuUGxhY2VzLlNlYXJjaFRleHQQAhgEIAA,35.4010215,129.0638301,0.0,3729.8,-0.4
gSJIMX1skJCL,로크,경남 양산시 물금읍 화합4길 4 1층,35.3289941,129.0091569,25,not_found,,,,,,,0,,0
lkM3ZhDrDyEE,루프로스터즈,경기도 광주시 오포로171번길 42 a동 b1층 02호,37.3495116,127.1802174,25,not_found,,,,,,,0,,0
CFLoRKWitZK4,르베르,경기도 고양시 일산동구 고봉로 776-88,37.7234507,126.7962834,25,not_found,ChIJhfy-ZgCPfDURAZd2hIivKDE,베르만짐,경기도 고양시 일산서구 일현로 67,https://maps.google.com/?cid=3542274107799672577&g_mp=Cidnb29nbGUubWFwcy5wbGFjZXMudjEuUGxhY2VzLlNlYXJjaFRleHQQAhgEIAA,37.6932632,126.76366770000001,0.25,4415.9,-0.15
f9A8NtrRg3Yy,리고러,부산광역시 영도구 절영로20번길 8 1층,35.0929094,129.0393852,25,not_found,,,,,,,0,,0
t10ZIBhxvr3l,리즈메종,경기도 고양시 일산동구 무궁화로 32-34 라페스타C동 118호,37.6614325,126.7686002,25,not_found,,,,,,,0,,0
2BuGNuJaC5iv,마노아커피,인천광역시 남동구 구월말로 30 베네스트진 1층 101호,37.4516154,126.7247538,25,not_found,ChIJH-EOipN7ezUR6QRoZF1yQvY,커피에꿀떡,인천광역시 KR 인천광역시 남동구 구월동 1275번지 1층 일부호,https://maps.google.com/?cid=17744871227235239145&g_mp=Cidnb29nbGUubWFwcy5wbGFjZXMudjEuUGxhY2VzLlNlYXJjaFRleHQQAhgEIAA,37.4514231,126.72104789999997,0.0,327.8,0.05
4jwMa9AnFNkn,마사이커피,전북특별자치도 익산시 부송로 36,35.9549784,126.9916272,25,not_found,ChIJYZyKY9cVcDUR0yx8yBNDr8Q,컴포즈커피 익산점 부송,전북특별자치도 익산시 부송동 부송1로 69,https://maps.google.com/?cid=14172620304605261011&g_mp=Cidnb29nbGUubWFwcy5wbGFjZXMudjEuUGxhY2VzLlNlYXJjaFRleHQQAhgEIAA,35.957903099999996,126.9899107,0.0,360.0,0.05
cumsUMuuACw0,마운틴커피,전북특별자치도 군산시 신평3길 9 1층,35.957908,126.7117311,25,not_found,ChIJjy8_Vd5bcDUR66ai5EL9CiI,산타로사,전북특별자치도 군산시 나운3동 한밭로 76-12 KR,https://maps.google.com/?cid=2453051410802190059&g_mp=Cidnb29nbGUubWFwcy5wbGFjZXMudjEuUGxhY2VzLlNlYXJjaFRleHQQAhgEIAA,35.9559443,126.69848770000002,0.0,1211.8,0.0
JlKOiQDn0XFK,메리,경기도 수원시 영통구 센트럴파크로128번길 106 1층 101호,37.295137,127.0568065,25,not_found,,,,,,,0,,0
r61gBVN0mfxC,메리제이,전라남도 순천시 하대석길 19 한성빌라,34.9445566,127.5246992,25,not_found,,,,,,,0,,0
y7t9eIT7tcJY,몬티커피,서울특별시 서대문구 성산로 273 103호,37.5670782,126.9205927,25,not_found,ChIJ24XJuCeZfDURK3xNU7bnDCc,카페 톤(Kafe Tone),서울특별시 마포구 성미산로1길 26,https://maps.google.com/?cid=2813878637467368491&g_mp=Cidnb29nbGUubWFwcy5wbGFjZXMudjEuUGxhY2VzLlNlYXJjaFRleHQQAhgEIAA,37.5592245,126.9081161,0.0,1404.3,0.0
s2YypeVvvuiC,미소유,경상북도 포항시 북구 학전로 71 1층,36.0591176,129.3751232,25,not_found,,,,,,,0,,0
Drmaby7Cn4Sl,민속촌가든,강원 영월군 김삿갓면 영월동로 1131-44,37.1301064,128.5364256,25,not_found,,,,,,,0,,0
Q3qRfV7iuMCJ,바이핸즈,경상남도 김해시 가야로169번길 13-8 우성빌 101호,35.2628619,128.8734772,25,not_found,,,,,,,0,,0
WgrKs7v1JX65,베네치아,전라북도 완주군 구이면 모악산길 101,35.729466,127.108684,25,not_found,,,,,,,0,,0
IHhfC78FVIeP,베리어스 빈,경기도 성남시 분당구 돌마로366번길 8 푸른마을 쌍용B상가 205호,37.3694968,127.1239806,25,not_found,,,,,,,0,,0
9XSSa24nxIRx,베크닉앤코,경기도 하남시 미사강변서로 22 지하 110호,37.5525647,127.1843589,25,not_found,,,,,,,0,,0
9vnFR0FHSDwc,브라운팩토리,서울특별시 동대문구 천호대로 15,37.574835,127.0252831,25,not_found,,,,,,,0,,0
4xdCMuOMN1IO,브루당,광주광역시 동구 필문대로205번길 25-26 1층,35.1531948,126.9338521,25,not_found,,,,,,,0,,0
RxibENl7lrbn,브루쓰커피랩,경남 거창군 거창읍 시장길 8 1층,35.685479,127.911173,25,not_found,ChIJL0PoCQCfbzURQTF0OAB5TJs,배러배러,경상남도 거창군 거창읍 창남1길 70-3,https://maps.google.com/?cid=11190452215962939713&g_mp=Cidnb29nbGUubWFwcy5wbGFjZXMudjEuUGxhY2VzLlNlYXJjaFRleHQQAhgEIAA,35.6834576,127.9148737,0.0,402.8,0.05
W4QDe721NZwo,빅밸리,대구광역시 달서구 한실로6길 120-15 1층,35.7961978,128.5281453,25,not_found,,,,,,,0,,0
xDEwwVl2cJCQ,빈밸런스,경기도 여주시 세종로40번길 13-14 1층 빈밸런스,37.2944718,127.6340069,25,not_found,,,,,,,0,,0
QP66Khq7JESZ,빈즈 인더스트리,서울특별시 마포구 만리재옛길 18 1층 빈즈 인더스트리,37.5455989,126.955157,25,not_found,,,,,,,0,,0
ZphlZPXVZBDY,빈페이지,인천광역시 미추홀구 소성로 75,37.4456997,126.6578399,25,not_found,,,,,,,0,,0
DCpuFfR9zzTw,산들림커피,경상북도 경주시 진현신계길 13 1층,35.7801735,129.3254738,25,not_found,ChIJgWv8Zi2zZzURk5RKK4nliSU,진현동커피,경상북도 경주시 진현동 785,https://maps.google.com/?cid=2704945428512281747&g_mp=Cidnb29nbGUubWFwcy5wbGFjZXMudjEuUGxhY2VzLlNlYXJjaFRleHQQAhgEIAA,35.7789715,129.3220014,0.0,340.6,0.05
vZ8502PhIgWl,샤인온웨이브 파트2,경기도 수원시 영통구 광교중앙로49번길 40 201동 1층 101호,37.2802612,127.0495881,25,not_found,,,,,,,0,,0
i9zPtx9WlQNG,선우로스터스,서울특별시 광진구 동일로62길 17 1층,37.5597503,127.0752134,25,not_found,ChIJORdhJwC7fDUR6hORpLzDpYk,윤숲 후르츠산도점,서울특별시 광진구 면목로7길 8,https://maps.google.com/?cid=9918548969335624682&g_mp=Cidnb29nbGUubWFwcy5wbGFjZXMudjEuUGxhY2VzLlNlYXJjaFRleHQQAhgEIAA,37.5595542,127.0772736,0.0,182.9,0.15
EdDeMBJ0puhy,성원경커피,충청북도 청주시 서원구 수곡로122번길 8-10,36.6210419,127.4692812,25,not_found,ChIJ7XcjOyEmZTURX7lC6JFOuL8,커먼커피,청주시 서원구 수곡동 775번지 11동 106호 한마음2차아파트 상가 청주시 충청북도 KR,https://maps.google.com/?cid=13814878245532907871&g_mp=Cidnb29nbGUubWFwcy5wbGFjZXMudjEuUGxhY2VzLlNlYXJjaFRleHQQAhgEIAA,36.6206856,127.47153940000001,0.0,205.4,0.05
CDlGDiHWcKeC,소강상태,대구광역시 군위군 효령면 간동길 3-21 1층,36.1761677,128.5840728,25,not_found,,,,,,,0,,0
UPSfx1FCEEUG,소사하루협동조합,경기도 부천시 소사구 소사로160번길 75-8,37.472817,126.7999035,25,not_found,ChIJT8sPpydjezURpVSPSBDQFBQ,부천농업협동조합소사동지점,대한민국 부천시,https://maps.google.com/?cid=1447010148648178853&g_mp=Cidnb29nbGUubWFwcy5wbGFjZXMudjEuUGxhY2VzLlNlYXJjaFRleHQQAhgEIAA,37.4740094,126.79530530000001,0.267,426.9,0.317
n2pxM6lPxt0q,스몰스톤즈,경기도 오산시 대원로 30 1층,37.1461194,127.071772,25,not_found,ChIJ0zuM-RpHezURj38GaKmE5nQ,설빙 오산역점,경기도 오산시 원동 대원로14명동빌딩2층,https://maps.google.com/?cid=8423566016172687247&g_mp=Cidnb29nbGUubWFwcy5wbGFjZXMudjEuUGxhY2VzLlNlYXJjaFRleHQQAhgEIAA,37.146257,127.06985499999999,0.0,170.6,0.15
tZpX8WjFztrK,스윕세컨드,부산 기장군 정관읍 모전3길 28 1층 (건물 옆 전용주차장),35.3361556,129.169022,25,not_found,ChIJQ1E7dE-EaDURyJRQcqOqAZk,코스,부산광역시 기장군 정관읍 예림리 1089-2번지 2층,https://maps.google.com/?cid=11025280981753959624&g_mp=Cidnb29nbGUubWFwcy5wbGFjZXMudjEuUGxhY2VzLlNlYXJjaFRleHQQAhgEIAA,35.3203163,129.2091907,0.0,4047.4,-0.4
eJgQjnuZFY51,스테인드 생츄어리,경기도 김포시 김포한강1로84번길 22 1층,37.6450941,126.6715558,25,not_found,,,,,,,0,,0
CI26eDERq2UT,스필 더 커피,강원특별자치도 강릉시 율곡로 2937 1층,37.7647564,128.8913738,25,not_found,ChIJTS2Zi1TlYTURYKV8jeQykew,리도커피,강원특별자치도 강릉시 경강로2115번길 12 1층,https://maps.google.com/?cid=17046462021781726560&g_mp=Cidnb29nbGUubWFwcy5wbGFjZXMudjEuUGxhY2VzLlNlYXJjaFRleHQQAhgEIAA,37.7567804,128.89716529999998,0.0,1022.6,0.0
fiByIXGQHgJY,스홀리,서울특별시 구로구 고척로 205 오토빌딩 1층,37.5052832,126.8560206,25,not_found,,,,,,,0,,0
yBe94njTCoGZ,시트러스로스터스,경상북도 경주시 한빛길36번길 16-1,35.8519258,129.2032311,25,not_found,ChIJi8APkUNOZjURWT7jVitVsRw,한스델리 경주점,경상북도 경주시 노동동 86-23,https://maps.google.com/?cid=2067527348569456217&g_mp=Cidnb29nbGUubWFwcy5wbGFjZXMudjEuUGxhY2VzLlNlYXJjaFRleHQQAhgEIAA,35.84272850000001,129.2124157,0.0,1315.8,0.0
lxqrLXKIHoRU,신바리스타,부산 기장군 일광읍 해빛2로 21,35.2670494,129.2256086,25,not_found,ChIJkz-qu1WPaDURsApMi-a5JnI,카페일광,부산광역시 기장군 삼성3길 19,https://maps.google.com/?cid=8225466169269422768&g_mp=Cidnb29nbGUubWFwcy5wbGFjZXMudjEuUGxhY2VzLlNlYXJjaFRleHQQAhgEIAA,35.2634928,129.2340929,0.0,865.9,0.0
kNpt7VB3SRtb,씨듣,경기도 김포시 봉화로 29 2층,37.6188133,126.714614,25,not_found,,,,,,,0,,0
oJMZsxomIUFo,아라랏,경기도 구리시 장자대로13번길 7-5 1층 좌측,37.5880244,127.1314039,25,not_found,,,,,,,0,,0
HbOK3VA8baIO,알로하코나,경기도 안양시 동안구 갈산로 6 1층,37.3728253,126.963014,25,not_found,,,,,,,0,,0
0aQd13JInYMQ,애크미카페,경기도 이천시 장호원읍 경충대로 85 101호,37.1216258,127.6164218,25,not_found,,,,,,,0,,0
2wzdNHO9G1xA,앤디스톤,서울특별시 양천구 목동중앙북로 120 서호빌딩 1층 102호,37.5462744,126.8765082,25,not_found,,,,,,,0,,0
0c5msNQX9d7I,어니스트로스터스,부산광역시 해운대구 해운대로483번가길 10 1층,35.1635201,129.1462286,25,not_found,,,,,,,0,,0
UylDZSBbIDJg,에이치 카페,서울특별시 금천구 벚꽃로18길 36 상가동 1층 102호,37.4680239,126.8909702,25,not_found,,,,,,,0,,0
I5gGi8RfL5lr,에티오피아,인천광역시 남동구 백범로180번길 121 1층,37.4612976,126.7339294,25,not_found,,,,,,,0,,0
gWbqJL8Sda74,엠디로스터리카페,울산광역시 동구 명덕로 4-1 2층,35.5224168,129.4323148,25,not_found,ChIJAeqHVEXNZzURLrLE_4-xvWU,마스로스터스,울산광역시 남구 삼산로308번길 15-6 마스 로스터스 (MARSROASTERS 1층,https://maps.google.com/?cid=7331211000458555950&g_mp=Cidnb29nbGUubWFwcy5wbGFjZXMudjEuUGxhY2VzLlNlYXJjaFRleHQQAhgEIAA,35.5381618,129.3407372,0.0,8469.9,-0.4
CILZtx8QZnnp,열매맺은무화과나무,경기도 하남시 미사강변한강로 146 1층,37.576231,127.1917258,25,not_found,,,,,,,0,,0
hJhuEfDFvLpr,영앤아,경기도 수원시 영통구 센트럴파크로 6 힐스테이트광교 아파트 상가 203호,37.2862733,127.0639231,25,not_found,ChIJwa51uz9bezURIewxCUGeSiA,힐스테이트광교아파트,경기도 수원시 영통구 센트럴파크로 6,https://maps.google.com/?cid=2326846159654612001&g_mp=Cidnb29nbGUubWFwcy5wbGFjZXMudjEuUGxhY2VzLlNlYXJjaFRleHQQAhgEIAA,37.2849559,127.0647423,0.0,163.4,0.15
YiyEBPj69Opc,옐로우 브릭스,경기도 안산시 단원구 광덕대로 168 신화타운,37.311296,126.8307967,25,not_found,ChIJq7uFMvluezUR4OcoKkAZ1PY,브로우스,경기도 안산시 단원구 고잔동 번지 405-1동 4층 709-3 405-1호,https://maps.google.com/?cid=17785868591768856544&g_mp=Cidnb29nbGUubWFwcy5wbGFjZXMudjEuUGxhY2VzLlNlYXJjaFRleHQQAhgEIAA,37.3106118,126.8284266,0.143,223.0,0.193
E0zLRWqBmkrS,오늘도소중한,경기도 안산시 단원구 원포공원1로 49 태영타운 111호,37.3025975,126.8124741,25,not_found,,,,,,,0,,0
FFTrM6k28edc,오묘 로스터스,"인천광역시 남동구 서창남순환로215번길 48 스카이플러스2, 1층 103호",37.4263371,126.7476137,25,not_found,,,,,,,0,,0
WIOTMa0rteNw,오묘한인식,경상북도 안동시 서동문로 214 1층,36.5655561,128.7353377,25,not_found,,,,,,,0,,0
LVpsPofiITMx,오에이디,경기도 하남시 미사대로 540 A동 1층 111호,37.5577307,127.206124,25,not_found,,,,,,,0,,0
oWfhIMv4HW3Q,오후가비,경기도 수원시 장안구 수일로117번길 10-12,37.3088736,127.004101,25,not_found,ChIJNUWgk4ddezUR_xgz3n3STKk,수원 브라운도트-수원정자점,경기도 수원시 장안구 정자동 433-6,https://maps.google.com/?cid=12199356928680466687&g_mp=Cidnb29nbGUubWFwcy5wbGFjZXMudjEuUGxhY2VzLlNlYXJjaFRleHQQAhgEIAA,37.305575999999995,126.9923722,0.0,1100.2,0.0
JGhng2UreeOl,요즘 갬성어때,충청남도 천안시 서북구 미라11길 19 요즘 갬성어때 본점,36.8045805,127.1299818,25,not_found,ChIJMY10GwIoezUR9uImAnjIvxY,천안충무병원,충청남도 천안시 서북구 다가말3길 8,https://maps.google.com/?cid=1639249207143883510&g_mp=Cidnb29nbGUubWFwcy5wbGFjZXMudjEuUGxhY2VzLlNlYXJjaFRleHQQAhgEIAA,36.797347099999996,127.1315479,0.0,816.3,0.0
MYAimxDkqUDz,우린,경기도 안산시 단원구 풍전로 37-9 301동 114호,37.3253409,126.7887377,25,not_found,,,,,,,0,,0
QnA3CKijBazv,웅스커피,전북특별자치도 군산시 서수송안2길 28,35.9655989,126.7063909,25,not_found,ChIJ51uB3vFbcDUR2_nzbTJ9uMc,메가엠지씨커피군산수송오투점,대한민국 군산시,https://maps.google.com/?cid=14391390264808962523&g_mp=Cidnb29nbGUubWFwcy5wbGFjZXMudjEuUGxhY2VzLlNlYXJjaFRleHQQAhgEIAA,35.9637008,126.71036120000001,0.0,415.0,0.05
ZmQKxoPsKbsG,원두 공장 카페 드립퍼스,경기도 고양시 일산동구 장대길 140,37.6409414,126.7623718,25,not_found,ChIJ_YycGyeFfDURHo0QUNVqxCA,호수자동자운전전문학원,경기도 고양시 일산동구 장대길 160-38 KR,https://maps.google.com/?cid=2361129569052822814&g_mp=Cidnb29nbGUubWFwcy5wbGFjZXMudjEuUGxhY2VzLlNlYXJjaFRleHQQAhgEIAA,37.642688799999995,126.76194939999999,0.0,197.8,0.15
F5mujLDVQEZ7,원인더스트리,"경기도 수원시 팔달구 효원로 303 지하1층 B106호 (인계동, 삼호파 크타워)",37.2613186,127.0351481,25,not_found,,,,,,,0,,0
IKbhx0FgUlG4,원투커피랩,경남 창원시 성산구 동산로199번길 1 지하 1층,35.2249949,128.6957504,25,not_found,ChIJB0L5NvvMaDURvqVPJRaJbI4,글래드커피랩,"경남 창원시 성산 구 단정 로 44 상남동 82-1, 단정로 성산구 창원시 경상남도",https://maps.google.com/?cid=10262728379078780350&g_mp=Cidnb29nbGUubWFwcy5wbGFjZXMudjEuUGxhY2VzLlNlYXJjaFRleHQQAhgEIAA,35.2189635,128.6849005,0.0,1192.1,0.0
3DQagBNyZwNs,웨일리,경상북도 상주시 아리랑로 39 1층 102호,36.4203588,128.1734208,25,not_found,,,,,,,0,,0
ughcY1in7B6O,유남생,서울특별시 서초구 강남대로10길 65 화인빌딩,37.4699054,127.0424841,25,not_found,,,,,,,0,,0
6DeLrkaOTcON,유니버셜커피,광주광역시 북구 설죽로 620,35.2146355,126.8981483,25,not_found,ChIJxSWnmqKNcTURStSEbCNROQI,카페뮤,광주광역시 북구 삼각동 824-5,https://maps.google.com/?cid=160248474334712906&g_mp=Cidnb29nbGUubWFwcy5wbGFjZXMudjEuUGxhY2VzLlNlYXJjaFRleHQQAhgEIAA,35.2032332,126.90230799999999,0.0,1323.0,0.0
BmYmM2kBHklF,유지,경기도 동두천시 탑신로 170,37.8953906,127.1116875,25,not_found,ChIJ6TR4_hLafDURrY1Xv-x1q9M,탑동유원지,경기도 동두천시 탑동동,https://maps.google.com/?cid=15252414222703234477&g_mp=Cidnb29nbGUubWFwcy5wbGFjZXMudjEuUGxhY2VzLlNlYXJjaFRleHQQAhgEIAA,37.896663499999995,127.11258579999998,0.0,162.0,0.15
9VgrBarrvN2G,이웃공장,경기도 광명시 소하로 190 B1층 지167호,37.4458356,126.8941984,25,not_found,,,,,,,0,,0
dYEu8DAS4PWT,이준호커피로스터스,인천광역시 강화군 길상면 해안남로 925,37.6180556,126.4749506,25,not_found,ChIJNVUWCVWHezURYCXBqgLwIjo,숲길따라 카페,인천광역시 강화군 길상면 해안남로 309-12,https://maps.google.com/?cid=4189174497653368160&g_mp=Cidnb29nbGUubWFwcy5wbGFjZXMudjEuUGxhY2VzLlNlYXJjaFRleHQQAhgEIAA,37.608267999999995,126.5205677,0.0,4162.9,-0.4
ktJDYSViZGM8,인사이드 로스터리 카페,경기도 의정부시 둔야로45번길 52 인사이드 커피로스터스(1F),37.7400083,127.0366995,25,not_found,ChIJpX2Y4SnHfDURAURQoZUuQtM,실로커피,경기도 의정부시 시민로122번길 34 1층,https://maps.google.com/?cid=15222780910657094657&g_mp=Cidnb29nbGUubWFwcy5wbGFjZXMudjEuUGxhY2VzLlNlYXJjaFRleHQQAhgEIAA,37.736818899999996,127.04839539999999,0.0,1087.9,0.0
9hmJKn0wi9dj,인스트로우커피,충남 홍성군 홍북읍 애향8길 12 1동 101호,36.6600632,126.683537,25,not_found,ChIJmaUU4ruLejURiglEb-gbgHM,커피인타운,충청남도 홍성군 홍북읍 청사로150번길 10 센트럴뉴스퀘어 107호,https://maps.google.com/?cid=8322682796493769098&g_mp=Cidnb29nbGUubWFwcy5wbGFjZXMudjEuUGxhY2VzLlNlYXJjaFRleHQQAhgEIAA,36.6568088,126.68000950000001,0.0,479.5,0.05
kA4dL5PWYRqX,자메이카,경상북도 영천시 충효로 68 자메이카,35.9728056,128.9368343,25,not_found,,,,,,,0,,0
6yzChnD6BfcU,자이리커피랩,경기도 안성시 원곡면 가천중앙1길 36 1층 자이리커피랩,37.0385592,127.1291504,25,not_found,ChIJwalpDegzezUR20x2NLndKlU,리센트커피,경기도 안성시 서운면 인리 100-3,https://maps.google.com/?cid=6136961229764578523&g_mp=Cidnb29nbGUubWFwcy5wbGFjZXMudjEuUGxhY2VzLlNlYXJjaFRleHQQAhgEIAA,36.945673299999996,127.2595063,0.0,15514.9,-0.4
IQpj7stTLdWo,자코 커피,부산광역시 남구 유엔로 183-1 1층,35.1302504,129.0963207,25,not_found,,,,,,,0,,0
BbEE27LPIgiC,잠시동안쉴곳,인천광역시 서구 북항로206번길 50 106호,37.5090755,126.6269261,25,not_found,ChIJKd-XW0x_ezUR0AutyYpCA3g,북항로207번길,인천광역시 서구 북항로207번길,https://maps.google.com/?cid=8647828873337965520&g_mp=Cidnb29nbGUubWFwcy5wbGFjZXMudjEuUGxhY2VzLlNlYXJjaFRleHQQAhgEIAA,37.5024233,126.62433700000001,0.0,774.1,0.0
yslv0zoQ4Nq7,조쌩커피,경기도 평택시 지산2로 111,37.0812836,127.0604413,25,not_found,ChIJywBN35M5ezURPGvQGAIFeuM,메가커피 평택지산점,경기도 평택시 송북동 970-1,https://maps.google.com/?cid=16391419300332727100&g_mp=Cidnb29nbGUubWFwcy5wbGFjZXMudjEuUGxhY2VzLlNlYXJjaFRleHQQAhgEIAA,37.0803973,127.06423520000001,0.0,350.7,0.05
PoNvmIg02yIp,진정희의커피다락방,서울특별시 강동구 천호대로 1475,37.5466629,127.1719004,25,not_found,,,,,,,0,,0
37ywXHzNi5V9,차우차우토토카페,광주광역시 북구 중문로 75 1층 토토,35.1793397,126.9203579,25,not_found,,,,,,,0,,0
50UjGVog2dLk,카페 1347,대전광역시 서구 원도안로179번길 30-6 1층,36.3195473,127.3424908,25,not_found,ChIJhzWdcrFNZTUR-P3XkwYL-WE,듀플렉스 대전도안본점,대전광역시 서구 원도안로 245 1층,https://maps.google.com/?cid=7059686013758078456&g_mp=Cidnb29nbGUubWFwcy5wbGFjZXMudjEuUGxhY2VzLlNlYXJjaFRleHQQAhgEIAA,36.3252054,127.34594849999999,0.0,701.3,0.0
jE2bB6Va6loN,카페 414,대구광역시 수성구 들안로 414,35.8668656,128.6187845,25,not_found,ChIJIcAGY07jZTURoRSMfaUZcgU,사이커피,대구광역시 수성구 수성동4가 1190-3 사이커피 3층,https://maps.google.com/?cid=392404316101285025&g_mp=Cidnb29nbGUubWFwcy5wbGFjZXMudjEuUGxhY2VzLlNlYXJjaFRleHQQAhgEIAA,35.8632005,128.6122493,0.0,716.2,0.0
cIEnjs6drOIa,카페 46,"서울특별시 종로구 사직로8길 20 파크팰리스 102동 3,4라인 1층 프레드매스",37.5742396,126.970282,25,not_found,,,,,,,0,,0
s2pokk1tFDXk,카페 공존,서울특별시 영등포구 양평로20길 4-1 1층,37.5375676,126.8955864,25,not_found,ChIJ48n3zY2efDURbA4s_ni9x9g,공쌤,서울특별시 영등포구 영등포로5길 301,https://maps.google.com/?cid=15620662159915880044&g_mp=Cidnb29nbGUubWFwcy5wbGFjZXMudjEuUGxhY2VzLlNlYXJjaFRleHQQAhgEIAA,37.5243012,126.8848946,0.0,1750.7,-0.4
NxxXNzMMNYNg,카페 랑,서울특별시 도봉구 마들로 699 1층,37.6726844,127.04636,25,not_found,ChIJkc13huu_fDURYDGsFVouP8Q,무수울,서울특별시 도봉구 도봉로173길 124,https://maps.google.com/?cid=14141072319412187488&g_mp=Cidnb29nbGUubWFwcy5wbGFjZXMudjEuUGxhY2VzLlNlYXJjaFRleHQQAhgEIAA,37.6785474,127.0370894,0.0,1044.4,0.0
duexUaFia4KN,카페 로그,경기 화성시 만세구 남양읍 시청로201번길 11-9 1층,37.1965543,126.8333767,25,not_found,ChIJocCgc3ZRezURWjAbeWKuvdg,커피로운,경기도 화성시 남양읍 시청로45번길 67,https://maps.google.com/?cid=15617830820752601178&g_mp=Cidnb29nbGUubWFwcy5wbGFjZXMudjEuUGxhY2VzLlNlYXJjaFRleHQQAhgEIAA,37.2091813,126.82612429999999,0.0,1544.0,-0.4
WFAeAwYsqNGY,카페 모노클,"서울특별시 강서구 양천로51길 11 1층 101호, 102호",37.5682063,126.8428585,25,not_found,ChIJpYFeYwCdfDURiTzSwFi0Qc8,로스터리 카페 모노컵,서울특별시 강서구 등촌동 633-29 1층,https://maps.google.com/?cid=14934416132622400649&g_mp=Cidnb29nbGUubWFwcy5wbGFjZXMudjEuUGxhY2VzLlNlYXJjaFRleHQQAhgEIAA,37.5527055,126.86604329999999,0.333,2673.4,-0.067
0eFgzO4dtbVE,카페 집사,경기도 안산시 단원구 선부광장1로 166 102호,37.3327433,126.80769,25,not_found,,,,,,,0,,0
fVFgu7XydkLN,카페1온스,서울특별시 양천구 목동중앙본로 67,37.5419527,126.8689676,25,not_found,,,,,,,0,,0
jEHQtkjO93jb,카페가온,경기 김포시 양촌읍 양곡3로 99 상가동 101호,37.6596809,126.6367862,25,not_found,ChIJQ26g-rWHfDURxyiRbNmLARE,태백산,경기도 김포시 양촌읍 양곡3로1번길 26-5,https://maps.google.com/?cid=1225414339567102151&g_mp=Cidnb29nbGUubWFwcy5wbGFjZXMudjEuUGxhY2VzLlNlYXJjaFRleHQQAhgEIAA,37.6536875,126.63127060000001,0.0,824.6,0.0
xO3rKrHKAaeu,카페넘버나인,광주광역시 동구 증심사길30번길 28-1 1층,35.1328374,126.9579071,25,not_found,,,,,,,0,,0
mOcVexGYxR9i,카페마싯따,경기도 이천시 설봉로29번길 31,37.278908,127.435791,25,not_found,ChIJt5ekcwCpZDURqtl9kxJPDU4,힐마당,경기도 이천시 경충대로2697번길 231,https://maps.google.com/?cid=5624238450858121642&g_mp=Cidnb29nbGUubWFwcy5wbGFjZXMudjEuUGxhY2VzLlNlYXJjaFRleHQQAhgEIAA,37.2756839,127.42333519999998,0.0,1158.9,0.0
NstkGIt0bATa,카페스플릿,인천광역시 부평구 후정로 28-18 1층 카페 스플릿,37.5194424,126.7360443,25,not_found,ChIJJQNO3fx9ezUR4I_jvQHpPts,카페 스물하나,인천광역시 부평구 부평4동 부평문화로65번길,https://maps.google.com/?cid=15798320736552325088&g_mp=Cidnb29nbGUubWFwcy5wbGFjZXMudjEuUGxhY2VzLlNlYXJjaFRleHQQAhgEIAA,37.4948425,126.72335650000001,0.0,2955.5,-0.4
UHV3wEQ0uiiz,카페포그,충청남도 천안시 동남구 각원사길 38 1층,36.8304553,127.1761063,25,not_found,,,,,,,0,,0
OaEP8vcAVGC9,커맨커피,경기도 파주시 송학1길 11 1층 커맨커피,37.7104757,126.7625895,25,not_found,ChIJc8ODzUiPfDURFG6zYCkSgOU,커피마인 플러스,경기도 파주시 가람로 21번길 51-4,https://maps.google.com/?cid=16537237800629792276&g_mp=Cidnb29nbGUubWFwcy5wbGFjZXMudjEuUGxhY2VzLlNlYXJjaFRleHQQAhgEIAA,37.736397,126.75199819999999,0.0,3029.1,-0.4
ijt6F7YjcaXY,커피기술,서울특별시 양천구 목동중앙서로 24 지상 1층,37.5325989,126.8665224,25,not_found,,,,,,,0,,0
XsSkqafY0pKI,커피깊,경상북도 구미시 원남로1길 62 1층 커피깊,36.1289217,128.3281834,25,not_found,ChIJfQi8irPAZTURDyLMVjZm8kE,디포인트커피,경상북도 구미시 원평동 435-30,https://maps.google.com/?cid=4751972940399780367&g_mp=Cidnb29nbGUubWFwcy5wbGFjZXMudjEuUGxhY2VzLlNlYXJjaFRleHQQAhgEIAA,36.1259683,128.33232089999998,0.0,495.9,0.05
1HalFKNqBeL5,커피꽃제작소,부산광역시 수영구 광안해변로326번길 31 104호,35.1555029,129.1303851,25,not_found,,,,,,,0,,0
CtfxJkfZwGx5,커피내리는쑤달,경기도 고양시 덕양구 용두로 38 1층,37.6229702,126.8855562,25,not_found,ChIJhWe8_2KXfDURKHENd6_CupI,카페 산책,경기도 고양시 덕양구 서오릉로 334-97,https://maps.google.com/?cid=10572977134078095656&g_mp=Cidnb29nbGUubWFwcy5wbGFjZXMudjEuUGxhY2VzLlNlYXJjaFRleHQQAhgEIAA,37.6255883,126.8977785,0.0,1115.1,0.0
qxyfXtJCicKs,커피닮다,경기도 동두천시 평화로2530번길 3 1층 커피닮다,37.9137394,127.0578974,25,not_found,ChIJhSi0dZ3bfDURYiFh37ufZnI,진짜커피사랑이야기,경기도 동두천시 평화로 2722 1층,https://maps.google.com/?cid=8243451797203657058&g_mp=Cidnb29nbGUubWFwcy5wbGFjZXMudjEuUGxhY2VzLlNlYXJjaFRleHQQAhgEIAA,37.930906,127.056784,0.0,1911.3,-0.4
2Asg47CivbzV,커피라이터로스터즈,전북특별자치도 전주시 덕진구 가리내6길 6 101호,35.8449496,127.1112618,25,not_found,ChIJ0eNPs848cDURZTmeULDE_j0,더리터전주덕진점,전북특별자치도 전주시 덕진구 덕진동2가 168-8번지,https://maps.google.com/?cid=4467224141943945573&g_mp=Cidnb29nbGUubWFwcy5wbGFjZXMudjEuUGxhY2VzLlNlYXJjaFRleHQQAhgEIAA,35.8504453,127.11953559999999,0.0,964.1,0.0
PVsP1AR0sfOG,커피란,충청북도 청주시 상당구 수영로 303,36.6314834,127.5064971,25,not_found,ChIJoeH2bnwnZTUROafzYfhmFvM,영커피,충청북도 청주시 상당구 수영로 영커피 청주금천점,https://maps.google.com/?cid=17516301017685403449&g_mp=Cidnb29nbGUubWFwcy5wbGFjZXMudjEuUGxhY2VzLlNlYXJjaFRleHQQAhgEIAA,36.6323489,127.5074452,0.0,128.1,0.15
kE3tm5GJ0I1E,커피로스팅 이리닐,경상남도 밀양시 북성로 61,35.4989131,128.7493439,25,not_found,ChIJZatrgZGraDURKkOq4f_AmTk,마리옹 coffee & picnic,경상남도 밀양시 부북면 위양4길 8,https://maps.google.com/?cid=4150560736833848106&g_mp=Cidnb29nbGUubWFwcy5wbGFjZXMudjEuUGxhY2VzLlNlYXJjaFRleHQQAhgEIAA,35.551154499999996,128.710375,0.0,6795.7,-0.4
ZYj9mxfrE2uZ,커피볶는빈집,울산광역시 북구 동대로 46,35.6279635,129.3571954,25,not_found,ChIJWVUk0EPLZzURS1ic7ClC6n4,노드커피,울산광역시 북구 동대8길 14,https://maps.google.com/?cid=9145194741159974987&g_mp=Cidnb29nbGUubWFwcy5wbGFjZXMudjEuUGxhY2VzLlNlYXJjaFRleHQQAhgEIAA,35.6288219,129.3551815,0.0,205.5,0.05
ZFFNbpMCUFQB,커피소,서울특별시 중랑구 숙선옹주로 85 신내아파트 상가 202호,37.6158504,127.0853911,25,not_found,ChIJOahfw9W7fDURdVOmQBReHJI,모이카페,서울특별시 중랑구 용마산로125길 108-17,https://maps.google.com/?cid=10528393469962376053&g_mp=Cidnb29nbGUubWFwcy5wbGFjZXMudjEuUGxhY2VzLlNlYXJjaFRleHQQAhgEIAA,37.6043722,127.1019305,0.0,1936.9,-0.4
9ntIZRK9ZBQY,커피송이,전북특별자치도 전주시 완산구 소태정4길 7 102호,35.8047813,127.1012615,25,not_found,ChIJo8_4ApI7cDURQE5MRBnpc2A,브루잉 스테이션,전북특별자치도 전주시 효자동2가 소태정5길 22 KR,https://maps.google.com/?cid=6950154944692112960&g_mp=Cidnb29nbGUubWFwcy5wbGFjZXMudjEuUGxhY2VzLlNlYXJjaFRleHQQAhgEIAA,35.804068099999995,127.09816939999999,0.0,289.9,0.05
m05X0FVOFmM0,커피아바 로스터리,인천광역시 연수구 신송로 121 119호,37.3955898,126.6516753,25,not_found,ChIJ36BjJaB3ezURHEqI0BYi2zg,송도커피,인천광역시 연수구 송도동 컨벤시아대로 60 월드마크푸르지오2단지 1층,https://maps.google.com/?cid=4096905767406815772&g_mp=Cidnb29nbGUubWFwcy5wbGFjZXMudjEuUGxhY2VzLlNlYXJjaFRleHQQAhgEIAA,37.397487999999996,126.65062540000001,0.0,230.5,0.05
OdW7bjmG4N7U,커피연구공간,대구광역시 달서구 화암로 325 106호,35.8042356,128.5187814,25,not_found,,,,,,,0,,0
LDlcD5T29pBt,커피커뮤니티,제주 제주시 애월읍 신엄로 54 1층,33.4749184,126.3649179,25,not_found,ChIJf3EDYMr3DDURCJsHGGZnrz8,커피빈 제주애월DT점,제주특별자치도 제주시 애월읍 애월해안로 560,https://maps.google.com/?cid=4589000233501301512&g_mp=Cidnb29nbGUubWFwcy5wbGFjZXMudjEuUGxhY2VzLlNlYXJjaFRleHQQAhgEIAA,33.4783396,126.3633708,0.0,406.6,0.05
jrOGVGWL9esc,커피커피 로스터리,경기도 하남시 미사강변한강로 135 스카이폴리스 B125호,37.5766518,127.1917806,25,not_found,ChIJGf3sOQCxfDURo5BafiubRHM,스탁 로스터리,경기도 하남시 미사강변한강로 155,https://maps.google.com/?cid=8305934223883800739&g_mp=Cidnb29nbGUubWFwcy5wbGFjZXMudjEuUGxhY2VzLlNlYXJjaFRleHQQAhgEIAA,37.5758876,127.1934894,0.0,172.9,0.15
wdwuBSzMjxeQ,커피투제이,경기도 구리시 경춘북로 252 애비뉴상가 C-168,37.6334911,127.1173422,25,not_found,ChIJ_SdoCgC5fDURAhi9SLlQQFQ,수풀림 아쿠아카페 구리갈매점,경기도 구리시 갈매동 596,https://maps.google.com/?cid=6070941054414952450&g_mp=Cidnb29nbGUubWFwcy5wbGFjZXMudjEuUGxhY2VzLlNlYXJjaFRleHQQAhgEIAA,37.6346133,127.1170095,0.0,128.2,0.15
J0hcWduc7BiJ,커피헤브론,강원특별자치도 원주시 건강로 17 스타타워2 103호,37.3259293,127.9874553,25,not_found,ChIJhdM34XJ1YzURjNstHtacUHM,카페24 창업센터 원주혁신도시점,"강원특별자치도 원주시 특별자치도 혁신로 35 4층 401, 402, 405호",https://maps.google.com/?cid=8309313755941821324&g_mp=Cidnb29nbGUubWFwcy5wbGFjZXMudjEuUGxhY2VzLlNlYXJjaFRleHQQAhgEIAA,37.3242896,127.97814189999998,0.0,843.5,0.0
dLMvlF2M2A5C,컨트롤커피로스터스,대구광역시 수성구 들안로67길 42 1층,35.8616356,128.6167165,25,not_found,ChIJVXvAMwDjZTUR1gqKSCjYxgY,리시트 로스터리(수성),대구광역시 수성구 달구벌대로458길 62,https://maps.google.com/?cid=488315277143575254&g_mp=Cidnb29nbGUubWFwcy5wbGFjZXMudjEuUGxhY2VzLlNlYXJjaFRleHQQAhgEIAA,35.8571272,128.6120224,0.0,655.9,0.0
gL5eX8oDJHwv,컵 C.U.P.,전라남도 순천시 남정4길 20 1층,34.9421946,127.4860714,25,not_found,,,,,,,0,,0
pXO4lUi91eFe,쿼티커피로스터스,충청남도 천안시 서북구 불당21로 67-21 엘림프라자 108호,36.8146595,127.1081072,25,not_found,ChIJMfjaMwAnezUR_9hILokdXqM,소담커피로스터스 불당직영점,충청남도 천안시 서북구 불당동 1614,https://maps.google.com/?cid=11771878951017306367&g_mp=Cidnb29nbGUubWFwcy5wbGFjZXMudjEuUGxhY2VzLlNlYXJjaFRleHQQAhgEIAA,36.8129248,127.1065754,0.0,236.2,0.05
HSDy51j81Ke3,클라우든,경상북도 구미시 인동21길 10-1 1층,36.0978537,128.4287841,25,not_found,ChIJWZwUBADFZTURFrgbhoXdPnc,굳띵즈,경상북도 구미시 인동21길 22-11 브이티이코프 사옥 1층,https://maps.google.com/?cid=8592548704619837462&g_mp=Cidnb29nbGUubWFwcy5wbGFjZXMudjEuUGxhY2VzLlNlYXJjaFRleHQQAhgEIAA,36.098125599999996,128.43060889999998,0.0,166.7,0.15
rKBfHg7mL8Yp,판타스마,대전광역시 유성구 관들3길 55 상가 1층,36.423232,127.3910516,25,not_found,ChIJixVHrww2ZTURiqlw0OOTtsw,관평도서관,대전광역시 유성구 테크노4로 131,https://maps.google.com/?cid=14751140236162541962&g_mp=Cidnb29nbGUubWFwcy5wbGFjZXMudjEuUGxhY2VzLlNlYXJjaFRleHQQAhgEIAA,36.4231844,127.38843609999999,0.0,234.1,0.05
glBcHYC1hTv0,패스트카페,경기도 평택시 지제동삭1로 220 지하1층 22호,37.0162581,127.0889539,25,not_found,,,,,,,0,,0
YSlfxIfblu3x,퍼키커피,경기도 여주시 세종대왕면 마장로 91 1층 1호,37.2992157,127.575192,25,not_found,,,,,,,0,,0
1qBb9cPkS3PX,폰드커피,경상남도 산청군 시천면 남명1길 20 상가 1동 1층 101호,35.2775543,127.8405088,25,not_found,ChIJyUDvq0CubzURjpHbHq_wuEw,산청커피,경상남도 산청군 금서면 특리 1300-9번지,https://maps.google.com/?cid=5528433177524933006&g_mp=Cidnb29nbGUubWFwcy5wbGFjZXMudjEuUGxhY2VzLlNlYXJjaFRleHQQAhgEIAA,35.4414781,127.83027690000002,0.0,18251.1,-0.4
aqXm5oi2HlqT,폰토커피,서울특별시 광진구 능동로 269 1층,37.5540774,127.0775218,25,not_found,ChIJizRmermlfDURJbN8hdPMEbE,투또톤토 건대카페,서울특별시 광진구 능동로 125 B1 랩스페이스 1층,https://maps.google.com/?cid=12759204428167033637&g_mp=Cidnb29nbGUubWFwcy5wbGFjZXMudjEuUGxhY2VzLlNlYXJjaFRleHQQAhgEIAA,37.5421481,127.0713004,0.0,1435.4,0.0
mIfTRGHypdEq,프프,전라남도 순천시 해룡면 장선배기길 194 1층,34.9499822,127.5296782,25,not_found,,,,,,,0,,0
U8VOTFa1Hdso,플레이리스트커피로스터즈,경상남도 김해시 삼안로280번길 4-9 1층,35.2526282,128.908935,25,not_found,ChIJJ1v2fwDPaDURbxq4jQ-TZQM,어니스트로스터스 율하점,"108호, 경보코아, 102 율하1로 김해시 경상남도",https://maps.google.com/?cid=244763449773005423&g_mp=Cidnb29nbGUubWFwcy5wbGFjZXMudjEuUGxhY2VzLlNlYXJjaFRleHQQAhgEIAA,35.173299899999996,128.8147942,0.071,12286.3,-0.329
CLVSYCTkMZvt,플레이버썸,경기도 남양주시 별내5로23번길 18-22 1층 플레이버썸,37.6524365,127.1145637,25,not_found,ChIJc_9YszG5fDURGgtg7Jdvq1g,투썸플레이스 별내신도시점,경기도 남양주시 별내5로 54,https://maps.google.com/?cid=6389323194651642650&g_mp=Cidnb29nbGUubWFwcy5wbGFjZXMudjEuUGxhY2VzLlNlYXJjaFRleHQQAhgEIAA,37.6532054,127.1172356,0.154,250.3,0.204
LMvlR58bwjH5,플로라,서울특별시 구로구 중앙로3길 50 가동 지층 134호,37.4991182,126.8608311,25,not_found,,,,,,,0,,0
2JY9EzxH7S8q,플루이드,경기도 김포시 김포한강3로237번길 10 1층 플루이드,37.6386836,126.6640574,25,not_found,,,,,,,0,,0
CaWe4gCmCye0,플리코 커피랩,경상북도 상주시 상서문1길 41-4 플리코 커피랩,36.4116031,128.1540394,25,not_found,ChIJFfsBsoOzZTURkhg5PhCqws8,상주공간,경상북도 상주시 남성동 남성2길 22,https://maps.google.com/?cid=14970715098073077906&g_mp=Cidnb29nbGUubWFwcy5wbGFjZXMudjEuUGxhY2VzLlNlYXJjaFRleHQQAhgEIAA,36.408710899999996,128.1585371,0.0,515.2,0.0
i3XCr66aDHYb,하덴로스터리,경기도 수원시 권선구 수성로 47,37.2843799,126.9803752,25,not_found,ChIJwU8IK8FCezUR_OPMND3hrk0,삼환아파트,경기도 수원시 권선구 구운동 462,https://maps.google.com/?cid=5597659039863202812&g_mp=Cidnb29nbGUubWFwcy5wbGFjZXMudjEuUGxhY2VzLlNlYXJjaFRleHQQAhgEIAA,37.2840693,126.97847739999999,0.0,171.4,0.15
sxc4ImMzZy5O,하일 커피 랩,경상남도 김해시 활천로 27 하일 커피 랩,35.2299511,128.893619,25,not_found,ChIJ0SAc0JrHaDURopQTl_M4kHc,황실LAB,경상남도 김해시 활천로36번길 1-6 KR,https://maps.google.com/?cid=8615448706022610082&g_mp=Cidnb29nbGUubWFwcy5wbGFjZXMudjEuUGxhY2VzLlNlYXJjaFRleHQQAhgEIAA,35.2310157,128.8939741,0.0,122.7,0.15
srEXCvMQhhX8,해싸라래,부산광역시 연제구 거제시장로11번길 14 1층,35.1802593,129.0716939,25,not_found,,,,,,,0,,0
xPnYlU5xX84O,향과울림,서울특별시 노원구 동일로230다길 63,37.6741458,127.0580084,25,not_found,ChIJYzt5cHq5fDURFEiuaZO2JxA,향림,서울특별시 노원구 하계1동 256-5,https://maps.google.com/?cid=1164099772948039700&g_mp=Cidnb29nbGUubWFwcy5wbGFjZXMudjEuUGxhY2VzLlNlYXJjaFRleHQQAhgEIAA,37.639444399999995,127.0755556,0.0,4156.3,-0.4
8czuYQooUbqZ,헤일로 로스터스 스마트,전라남도 나주시 교육길 13 G동 106호,35.0197538,126.7803568,25,not_found,ChIJSb8tOUslcjURhSHZ1HLZWoI,헤일로로스터스2nd,전라남도 나주시 우정로 72,https://maps.google.com/?cid=9393059060055089541&g_mp=Cidnb29nbGUubWFwcy5wbGFjZXMudjEuUGxhY2VzLlNlYXJjaFRleHQQAhgEIAA,35.0233135,126.78740149999999,0.25,753.8,0.25
oat1k6RQqXfb,현명커피,경기도 과천시 과천대로7길 33 B동 103호,37.4131755,126.9779312,25,not_found,ChIJpY-hCQBfezURfQmXCEgsBHk,마린커피 과천디테크타워본점,과천시 갈현동 554 디테크타워 A동 104호,https://maps.google.com/?cid=8720143466389506429&g_mp=Cidnb29nbGUubWFwcy5wbGFjZXMudjEuUGxhY2VzLlNlYXJjaFRleHQQAhgEIAA,37.4139285,126.97727439999998,0.0,101.9,0.15
vhirfpH7gBFZ,호랭이제작소,부산광역시 수영구 망미번영로55번길 27 1층 호랭이제작소,35.1734066,129.1089862,25,not_found,ChIJAR5A9zGTaDURsUGWSBDHsv0,장소,부산광역시 수영구 망미번영로70번길 26,https://maps.google.com/?cid=18280892710201475505&g_mp=Cidnb29nbGUubWFwcy5wbGFjZXMudjEuUGxhY2VzLlNlYXJjaFRleHQQAhgEIAA,35.1723877,129.1111446,0.0,226.5,0.05
KpxdPUoaggKq,호야다방,경상북도 청송군 진보면 진안동2길 12,36.5292814,129.0456958,25,not_found,ChIJvzrXcZnIZjURERdSYNHlZes,진주다방,경상북도 청송군 진보면 진안리 126-1,https://maps.google.com/?cid=16962216258987759377&g_mp=Cidnb29nbGUubWFwcy5wbGFjZXMudjEuUGxhY2VzLlNlYXJjaFRleHQQAhgEIAA,36.528379699999995,129.0458582,0.2,101.3,0.35
2LD674NXV3RK,홍피낭,전북특별자치도 정읍시 연지시장2길 12 홍피낭,35.5750624,126.8465824,25,not_found,ChIJ0WcmoMKwcTUR5J44phKLybQ,연지시장,전북특별자치도 정읍시 연지동 31-1,https://maps.google.com/?cid=13027096309360271076&g_mp=Cidnb29nbGUubWFwcy5wbGFjZXMudjEuUGxhY2VzLlNlYXJjaFRleHQQAhgEIAA,35.5736348,126.84720229999999,0.0,168.4,0.15
J1ky2NEDXbU0,화정,대전광역시 유성구 구룡달전로 192-7 1층,36.4464158,127.3688381,25,not_found,,,,,,,0,,0
UrJmEXaDrF27,황실 어나더룸,경상남도 창원시 의창구 도계로 93 1층 황실어나더룸 카페,35.2567817,128.6400213,25,not_found,,,,,,,0,,0
ztJMSmGZdyoM,회선,"대구광역시 동구 첨단로8길 15 1층 105, 106호",35.8789082,128.7318314,25,not_found,,,,,,,0,,0
9a1BTAbB7f29,흔치않은,경기도 남양주시 경춘로 1292-31 늘을빌딩,37.6486572,127.238111,25,not_found,,,,,,,0,,0
